model_id,model,first_release,brand,price
21385PZSXE,Suburban 1500,2007,Chevrolet,443973
40164WNEOG,Safari,2005,GMC,351316
88961BJIGE,MX-5,1997,Mazda,476846
53378QJKHO,Town Car,1999,Lincoln,78847
84427PGRZG,Sedona,2011,Kia,138475
52571YLJFU,Safari,1995,GMC,267771
23451TJCEZ,Cutlass,1998,Oldsmobile,163246
34013MTQYK,Expo,1992,Mitsubishi,154134
47957FTOBQ,SLK-Class,2000,Mercedes-Benz,448517
62766JSYLC,Charger,2007,Dodge,362675
01113NKLFK,Grand Prix,1997,Pontiac,65815
10706QTEGV,Suburban 1500,1995,Chevrolet,60036
60463ILRGE,Suburban 1500,2006,Chevrolet,8174
66271XGYSA,3-Sep,2003,Saab,220620
37248SVQFP,H1,2001,Hummer,241369
56414TXOMM,Mark VII,1984,Lincoln,434151
96905DGNXV,VUE,2005,Saturn,278958
02228NOJUO,Corvette,1988,Chevrolet,278210
28607PJGVG,Scoupe,1994,Hyundai,444927
14852RMILI,Maxima,1995,Nissan,22948
27944JPSLB,GranTurismo,2010,Maserati,291045
18796ERGBK,Navigator,2000,Lincoln,124712
90881GOCUV,3-Sep,2009,Saab,9422
91840ABVMY,Sidekick,1997,Suzuki,441164
92744LJUVI,Grand Prix,1990,Pontiac,216934
62599TDXPF,Viper,2003,Dodge,349483
51749SILVI,Silverado 3500,2008,Chevrolet,366170
35092HVVHN,CX-7,2011,Mazda,108914
84468GNBMX,TundraMax,2012,Toyota,172474
01632YTQRY,H3T,2010,Hummer,243666
47106DGXAW,300TE,1992,Mercedes-Benz,218896
90807DLJUO,S-Type,2001,Jaguar,63680
20001CNUCM,MR2,1985,Toyota,123025
74669OTCAS,Sephia,1999,Kia,399232
83458QDVDE,Astro,1992,Chevrolet,182687
60202OATAC,LeMans,1968,Pontiac,265374
08632RNFSU,Town Car,1995,Lincoln,152532
12614ZCXKU,Regal,1999,Buick,471208
94575NAUET,New Yorker,1994,Chrysler,115354
10730DSLOA,Outlander,2012,Mitsubishi,134414
11938CGKFN,Alero,2003,Oldsmobile,333507
01069YZYOM,X5,2009,BMW,394786
76788TRVDY,Insight,2005,Honda,168580
93631DXDQC,100,1992,Audi,283221
56483FSLNP,Millenia,2000,Mazda,111984
15202DNKVY,Dakota,2007,Dodge,340286
53938BPNVP,Suburban 2500,1995,GMC,481856
71238ESJEJ,Neon,2005,Dodge,185009
34023FWZNL,SL-Class,1999,Mercedes-Benz,331131
28811ZYSRG,Amigo,1999,Isuzu,419256
75794KDEYY,XLR-V,2008,Cadillac,5171
65431BGUOK,Suburban 2500,2005,Chevrolet,35222
73312ULUTY,Sebring,2005,Chrysler,401311
56971JUPOT,Bonneville,1999,Pontiac,178322
96500CPHGX,Pajero,2002,Mitsubishi,398849
27790KOSNK,Sonoma,1992,GMC,35883
63845HVNUO,Mountaineer,2001,Mercury,13275
59647CBAND,Rally Wagon 3500,1993,GMC,365794
40292GLJYO,Ram 2500 Club,1995,Dodge,29332
37467VPAWA,Astro,1995,Chevrolet,79249
53445WMUWS,Town Car,2005,Lincoln,372722
60338HTOHB,G-Class,2002,Mercedes-Benz,283754
81920YVSAE,Cabriolet,1997,Audi,301547
08961QQSUB,Space,1993,Isuzu,346367
10286GPFAJ,Sable,2003,Mercury,407532
49477YFEAB,Grand Vitara,2000,Suzuki,56583
53501DTTML,Swift,2001,Suzuki,392692
99103NUVEJ,Aerostar,1993,Ford,313472
58150ECHGM,G6,2006,Pontiac,123712
23876VQUMS,Eclipse,1995,Mitsubishi,447309
44246YGGDA,F450,2008,Ford,159848
22434JOWKH,Endeavor,2008,Mitsubishi,248440
05760HYIEE,GTO,1971,Pontiac,356949
62384EEUIG,XJ Series,2001,Jaguar,161592
38793DFDZW,Express 2500,1996,Chevrolet,115117
73286WMKRD,Gallardo,2011,Lamborghini,368925
12633KZZMC,57,2012,Maybach,165043
73042PEHKW,Q,2002,Infiniti,347547
27672EORLJ,F250,2006,Ford,294406
79980VVMYB,V8 Vantage,2009,Aston Martin,221928
10045HFDKS,G6,2006,Pontiac,346399
32382YAGEK,Express 1500,1998,Chevrolet,419486
31204PBPPA,DBS,2010,Aston Martin,416105
56779CCSNT,Ram Van 3500,1996,Dodge,78044
97911PYRMW,Phaeton,2005,Volkswagen,121374
95651NOXXZ,Club Wagon,1996,Ford,416661
64065XJOTH,Nubira,2000,Daewoo,374628
39648CFKHY,Festiva,1991,Ford,275084
71631FGPBA,Crossfire,2005,Chrysler,256283
98550RDWNQ,Cooper,2010,MINI,185052
07267DLTLH,Passat,2001,Volkswagen,20585
67338SQJJE,Tracer,1988,Mercury,434646
67182SLEUT,Raider,2009,Mitsubishi,313052
17155CLUQS,3500,2012,Ram,208668
05321NYVGE,Challenger,2008,Dodge,109189
32209PLLVW,R-Class,2007,Mercedes-Benz,83584
34875VFWSA,Yukon XL 1500,2011,GMC,126509
51518DIAML,Avalon,2000,Toyota,396749
01714QMQHX,5-Sep,2011,Saab,41841
15822YJLBV,LX,2013,Lexus,436490
83776IGTGU,900,1988,Saab,135007
58104HOATM,Suburban 2500,1992,GMC,393774
69829RLUQU,Viper,1999,Dodge,58458
18821PMCLI,C70,2013,Volvo,178751
78545RJKWQ,Express 1500,2007,Chevrolet,324345
69434QYOWH,Swift,1991,Suzuki,342335
27879YNWWM,Passat,2010,Volkswagen,172388
32822OQGAB,Tacoma Xtra,1998,Toyota,453510
93608NWYHE,Regal,2002,Buick,226147
69035FZZMK,Tahoe,2000,Chevrolet,458777
48718CCRSJ,Protege,1992,Mazda,123438
75203HECSL,A4,2001,Audi,214704
81530MDQXF,Safari,2001,GMC,482976
89750MWNEU,Golf III,1994,Volkswagen,30428
29840EVFVM,Vibe,2007,Pontiac,312052
14002KPACE,5 Series,2007,BMW,26262
64856ZCAXS,GS,2013,Lexus,146122
77217ASFFK,Caravan,2005,Dodge,498823
66847QIYAY,Regal,1999,Buick,237816
17544BCCTL,Intrepid,1993,Dodge,128521
94539KOZBG,Corolla,1997,Toyota,278305
53430LBGSB,Silverado 2500,2012,Chevrolet,25699
26215FUNML,Impreza,1994,Subaru,461803
61532OTXET,Savana 3500,2008,GMC,27003
76371HDKVB,Regal,2000,Buick,357434
88568FGBBK,Enclave,2009,Buick,217679
79258MWPGL,Cherokee,2001,Jeep,224255
09569XHRII,Silverado,2011,Chevrolet,400338
35636YSGBO,Mustang,1983,Ford,250638
09790NICKX,X-Type,2002,Jaguar,328439
25464WPLFL,Explorer,1996,Ford,256400
34124DGLIB,Express,2009,Chevrolet,65407
79602JNQWY,Firebird,2002,Pontiac,343384
81271PUFQU,Cressida,1992,Toyota,92769
62596JFYYZ,Suburban 2500,1999,Chevrolet,471443
13459QZFNX,Ram 2500,2001,Dodge,244848
27608ETLDK,Bonneville,1991,Pontiac,403806
58957MHLES,Rally Wagon G2500,1995,GMC,351756
22400QHOPO,Avenger,2012,Dodge,136405
28302GONOA,Venture,2003,Chevrolet,158527
96699ZLXZH,Capri,1994,Mercury,229795
73053NCNHC,Cougar,2000,Mercury,46230
96719TNKCJ,ZX2,2001,Ford,329259
08928BWYJT,Thunderbird,1987,Ford,455983
48748VTWRF,240,1992,Volvo,92391
36792DRGYA,Discovery,1995,Land Rover,80654
56166TDASC,Spectra,2000,Kia,455120
93627VLEBL,Cutlass,1997,Oldsmobile,400651
68606YKXRE,S60,2012,Volvo,274444
91086FMREO,350Z,2009,Nissan,476859
99911CRPDM,Park Avenue,2003,Buick,306394
68436EWCFD,S80,2008,Volvo,433996
12692VPJYK,Tredia,1987,Mitsubishi,454102
38409WIKNY,Firebird,1990,Pontiac,97399
65614ELRCG,Rendezvous,2005,Buick,424664
75380KXMRY,Crown Victoria,2002,Ford,447028
24420EITWE,Defender,1994,Land Rover,448908
15304TERJH,Patriot,2010,Jeep,178626
04264CAJBV,8 Series,1994,BMW,298334
43058OCOIQ,Discovery,2006,Land Rover,422932
39641ZUOIF,Summit,1992,Eagle,276556
97059ZMQPM,Grand Prix,1975,Pontiac,72713
61651XANQI,ES,1994,Lexus,167226
59215SXHHX,Corvette,1961,Chevrolet,404072
19710KVIIA,Fusion,2008,Ford,343967
61895CJJUJ,XC90,2013,Volvo,435773
07764LBAXP,Range Rover Sport,2009,Land Rover,420687
26516PSQAC,XT,1985,Subaru,425227
26638YQZKL,S10 Blazer,1992,Chevrolet,407435
88149HIAOX,Ranger,1998,Ford,498299
22157EXBKO,Prizm,1995,Geo,151654
90187SQARJ,Brat,1987,Subaru,16425
30260LXSQG,Gran Sport,2006,Maserati,274826
86098ZUNMR,Tercel,1997,Toyota,422527
66764WWWJX,L-Series,2001,Saturn,43942
80404UNYAY,Esperante,2007,Panoz,473840
08844VWKAR,XLR,2009,Cadillac,7969
93438LYKFO,CX,1974,Citroën,221597
24888OHNWO,Sedona,2004,Kia,213867
76134WVQWH,Savana 1500,2005,GMC,163061
66483RELJD,Sonic,2012,Chevrolet,140814
01816IQQXB,V8 Vantage,2009,Aston Martin,437532
22460KMGLF,Cressida,1992,Toyota,435782
73414MLVAY,Regal,1998,Buick,101013
34838ATQWJ,Prowler,1999,Plymouth,174758
26117IVOWV,1500,1996,GMC,89706
18956MZLME,2500,2012,Ram,379096
03012EEHXC,Passat,2001,Volkswagen,75712
41072FNGJX,Sentra,2010,Nissan,398301
54168EHJTJ,Town & Country,2003,Chrysler,205228
30270OTWAZ,Brougham,1992,Cadillac,46090
02990FMDIG,Spider,1992,Alfa Romeo,234620
80426XMFNQ,Escort ZX2,2003,Ford,106479
99443FNBMC,Voyager,1994,Plymouth,446874
46067GSLFZ,Chariot,1992,Mitsubishi,314958
77967BWOSE,Corvette,2003,Chevrolet,43765
17938VKVHW,California,2010,Ferrari,26518
21214JLXTG,QX,2005,Infiniti,219590
05712RDYPD,MR2,1995,Toyota,88251
59209BOWWM,QX,2004,Infiniti,425508
52316ODVUI,Ion,2005,Saturn,273318
36354QYTKE,Econoline E250,1995,Ford,18862
98264UNIZW,LS,2009,Lexus,172018
40636CIOKK,LR2,2010,Land Rover,357263
38812NDHMB,C70,1999,Volvo,274035
90228VRHSD,650,2006,BMW,136259
11227TZKBE,Cobalt,2007,Chevrolet,225878
86489LGGLR,Maxima,2011,Nissan,36445
40064ONBBL,Escape,2013,Ford,221325
68599NGPQV,XK,2012,Jaguar,100964
62216RPJRT,Legacy,1998,Subaru,340729
51696DPHDB,Continental,1992,Lincoln,147084
13805BGLCX,LS,2009,Lexus,142831
30324SIUIM,Fusion,2008,Ford,305728
27952AFDKS,Grand Prix,1967,Pontiac,255511
82986VJCKO,Villager,1993,Mercury,29043
32507VMQCD,Escalade ESV,2006,Cadillac,132154
57372EXCNW,Tacoma,2010,Toyota,249662
65719NVUNR,Yukon XL 2500,2010,GMC,166204
77209FYEAY,Grand Prix,1986,Pontiac,401777
98366HVUNT,Escort,1986,Ford,89926
96926WJPQG,Murano,2007,Nissan,242611
60508FPBTK,C8,2006,Spyker,351016
96412CDNHL,Esteem,1999,Suzuki,89326
41591FUGWU,XC60,2011,Volvo,434673
92659KLGRG,Pathfinder,2006,Nissan,116194
90323WJNEJ,Corvette,1968,Chevrolet,66796
64439FBUIU,Mazda6,2011,Mazda,43799
90327VJIXZ,5000S,1988,Audi,279640
97312OCMVK,FX,2010,Infiniti,319721
89496WYPEF,Odyssey,1996,Honda,414429
46617WKRYE,Pilot,2012,Honda,224625
14709DXNZN,Explorer Sport,2003,Ford,311337
18086MDFGS,Passat,1991,Volkswagen,374868
79597KCPEF,B-Series,2003,Mazda,370167
49046RWQRA,F150,2012,Ford,80454
59568WVYAE,Rendezvous,2007,Buick,372630
87520JSKOK,Vibe,2009,Pontiac,447404
03760TBJHC,Fortwo,2012,Smart,132752
98261WJIOX,Regal,1987,Buick,237640
90148LJONU,Grand Caravan,1994,Dodge,411794
91252GQRXA,XK Series,1999,Jaguar,414603
74600EMJHG,X3,2005,BMW,146024
08402WNPSZ,Sienna,2003,Toyota,320842
63662IFOJF,Diamante,2004,Mitsubishi,15598
61812ZTTXW,G35,2007,Infiniti,458037
50487BOUSJ,Tundra,2005,Toyota,457792
61446CYJBC,F250,1984,Ford,358621
22341UYFKA,Courier,1986,Ford,100833
96167IROLX,330,2006,BMW,263808
69256QAEGN,3-Sep,2012,Saab,82266
94189TSEVP,Montero Sport,1997,Mitsubishi,41249
64195GRKOT,Cayenne,2009,Porsche,487677
13893BSZNE,Cougar,1995,Mercury,458449
11280NIIMM,MKS,2012,Lincoln,211247
31154MILFA,Accent,2005,Hyundai,402522
54774CYHDL,Swift,2000,Suzuki,392764
17571VNOGX,Protege,2003,Mazda,66843
26549MRDPI,Sequoia,2012,Toyota,80408
57227AUYBC,MR2,1992,Toyota,59524
17985LGROF,CR-V,1997,Honda,129888
04580SGTWO,GranTurismo,2012,Maserati,76434
66576OBXWU,Express 1500,1999,Chevrolet,78448
42516QUOZQ,Fit,2009,Honda,458943
36970UEOWD,Swift,1998,Suzuki,19485
79679IYBAE,Frontier,2002,Nissan,101852
91168FCHXU,V8 Vantage S,2012,Aston Martin,216141
34970FMAHF,3 Series,2010,BMW,53037
98202NZZPA,Yukon,2008,GMC,123513
28429ZCQES,T100 Xtra,1996,Toyota,365234
90007HVZZC,Aurora,1998,Oldsmobile,15440
98084DMXQT,5 Series,2006,BMW,166604
65799IZDMX,Corvette,1988,Chevrolet,13891
81808MJGXE,Elise,2004,Lotus,248716
41154DWFZS,Allante,1992,Cadillac,3671
27601ACGVR,Sidekick,1992,Suzuki,107944
60417RCEVK,LX,2009,Lexus,301947
18394GHJXY,Murciélago,2008,Lamborghini,270804
15474YOVSW,Golf III,1995,Volkswagen,345434
11492FUWAO,VUE,2007,Saturn,209895
28617NGTFX,G8,2009,Pontiac,69669
68583ZYSKW,F-Series,1985,Ford,368455
99586HDGOW,6000,1987,Pontiac,200177
33102PHOIM,Murciélago,2006,Lamborghini,126303
70447EUQNV,ZDX,2012,Acura,377342
88510XJWMX,Grand Cherokee,2004,Jeep,493742
82191KQKGZ,Tribeca,2008,Subaru,95175
04949HVCNU,i-290,2007,Isuzu,415495
42152KRUMN,Venza,2013,Toyota,482653
30907AMLTS,X6 M,2013,BMW,123757
10519ECDXP,Silverado 1500,2004,Chevrolet,382162
51377UQXMC,Explorer,1995,Ford,130073
06475DZHFU,Mustang,1973,Ford,212504
24362GAAMP,Crown Victoria,1998,Ford,445145
49116MQVGU,Rapide,2012,Aston Martin,387040
45188BVVQQ,3500,1997,GMC,159372
66675VNMUO,9000,1996,Saab,360425
71475FWVQK,2500,1998,Chevrolet,289203
76895SOEJY,XC90,2012,Volvo,335846
33720BJLTM,Suburban 1500,1992,Chevrolet,330586
63396QOWDA,Tribute,2003,Mazda,441030
46712WLLKG,Cutlass,1998,Oldsmobile,330355
72825NDMVB,Sebring,2002,Chrysler,492720
09892OETEV,Focus,2001,Ford,86179
97482YMHVP,164,1993,Alfa Romeo,467247
00326DAIRN,EXP,1986,Ford,432629
35898LSIFX,Escalade ESV,2004,Cadillac,289482
35134XPIWK,SC,1995,Lexus,236064
80899WSCNJ,Spirit,1995,Dodge,62132
55526YCNNL,Galant,1995,Mitsubishi,469196
22404YMKJW,Silhouette,1998,Oldsmobile,148255
94067FKYKZ,Grand Marquis,1985,Mercury,210309
43080XPCVY,Sierra 3500,2009,GMC,367520
25562YBEZK,Prelude,1995,Honda,17790
82668RTLKW,Civic,1985,Honda,211811
88501GNESF,Grand Prix,1974,Pontiac,125619
58526FDCYO,Ram 2500 Club,1995,Dodge,127749
36743TPMKI,ES,1999,Lexus,210764
51094WUYQY,F350,1996,Ford,488571
01828EUPTT,F250,2002,Ford,39780
10539ORYGN,Countryman,2012,MINI,355989
27011KAEQZ,Outback,2012,Subaru,201098
79311ODKCP,Thunderbird,1955,Ford,152736
56969KTUUU,Uplander,2007,Chevrolet,90855
75474OOKVH,Diamante,1994,Mitsubishi,187862
64621VPIRZ,Astra,2008,Saturn,382433
35559LFPRG,Maxima,1998,Nissan,176461
30119DODWC,Town & Country,1994,Chrysler,467289
47631HDOFH,626,1991,Mazda,454290
59610LNZOM,Mustang,2010,Ford,121095
92057NUFNZ,Daewoo Kalos,2005,Pontiac,48568
54539UOJVL,Rainier,2004,Buick,479870
69224NNZRT,Cavalier,2002,Chevrolet,99917
61999TAPVB,LeSabre,1995,Buick,284224
22749FVMPP,F350,1996,Ford,475297
15029HWKFE,Lumina,1998,Chevrolet,482270
81729JDGVG,Maxima,2009,Nissan,493390
38031LDJQK,DBS,2011,Aston Martin,404447
71674XHSXT,Suburban 1500,2002,Chevrolet,371799
80880WASYK,Monte Carlo,1995,Chevrolet,156554
47026MNXPV,Jetta,1985,Volkswagen,207005
47837RJVPW,Lancer,2005,Mitsubishi,72367
45520BPZBR,Tracer,1989,Mercury,438227
03292MOARD,Murano,2004,Nissan,293409
72108DPSJV,Festiva,1991,Ford,454152
64156CFSHL,Accord,1997,Honda,297501
09492YYWYI,4Runner,1996,Toyota,7004
74442LFLSP,Eclipse,1997,Mitsubishi,171742
18880OUCPV,Parisienne,1985,Pontiac,460019
36626BPCEG,Tracker,2004,Chevrolet,29719
48664ODVNQ,S2000,2002,Honda,362639
53112CWCXE,Mirage,1997,Mitsubishi,179994
41575MFRIQ,F-Series,2007,Ford,83252
58029OUURY,Avalon,1995,Toyota,9198
28401AOLZC,Wrangler,1997,Jeep,180539
10494AJMSP,Legacy,1997,Subaru,433817
65211ONPGA,Suburban 2500,2008,Chevrolet,363400
06072LQONZ,Envoy,2002,GMC,214490
14727CKDRT,Tundra,2000,Toyota,40032
74490MHLPB,Neon,1995,Plymouth,33473
86571YHSLU,Sierra 3500,2001,GMC,348067
83937OILKE,CLK-Class,2006,Mercedes-Benz,258198
69419XNWXX,Tracker,1994,Geo,128707
20659JUCNS,Yukon XL 1500,2007,GMC,396729
52430LKBSQ,Crosstour,2012,Honda,463745
62072JHOYG,Baja,2006,Subaru,369245
49033MRMAT,Quest,1999,Nissan,191379
31082BLAHM,W201,1985,Mercedes-Benz,465925
76617VKMAM,Sonata,2001,Hyundai,475550
10521XJCDA,Vanagon,1984,Volkswagen,63771
82496ZBJRE,Breeze,2000,Plymouth,159272
79979XAZPE,Prowler,2000,Plymouth,254960
53472SDJWW,Swift,2006,Suzuki,109548
57733MKQSQ,Outlander,2003,Mitsubishi,322511
93947BDOGV,Aurora,1998,Oldsmobile,269946
51523SDAJE,Jimmy,1994,GMC,197823
82537WTZYP,Shadow,1993,Dodge,203479
11061SFMMW,Grand Prix,1980,Pontiac,361764
05906UZZPF,LeSabre,1988,Buick,46697
46539LYRXI,Stylus,1992,Isuzu,195844
47517EWAIY,Aztek,2004,Pontiac,294054
71326LACBS,Pajero,1987,Mitsubishi,122359
78629PMKEO,Viper,2003,Dodge,317979
46015TXAUG,E-Class,1995,Mercedes-Benz,370027
14091QUTGZ,XLR,2006,Cadillac,285034
00941KIDBB,Blazer,1995,Chevrolet,407211
83973RDTLI,Ram 1500 Club,1997,Dodge,114817
58502YSVVQ,Grand Marquis,1989,Mercury,471597
37325WUWCL,Vision,1995,Eagle,134882
96144AFWOD,Allroad,2002,Audi,284630
34680FDDBU,DBS,2009,Aston Martin,363957
94538WKLCH,Swift,1999,Suzuki,456837
24195WGEJF,Mighty Max Macro,1994,Mitsubishi,48518
52900NWKYV,Prowler,2001,Chrysler,288048
58347SEHDB,Range Rover,1989,Land Rover,155141
83999OYQSN,Sidekick,1993,Suzuki,383560
18412REKOD,Sportage,1998,Kia,290511
09915IKGIG,GX,2009,Lexus,364204
95877NATAE,Accord,2012,Honda,68868
31260HPYRL,Monte Carlo,2002,Chevrolet,395679
99160KKWVG,PT Cruiser,2004,Chrysler,63385
34986JCITJ,Explorer Sport Trac,2000,Ford,410359
77518MYLDH,Escape,2009,Ford,357803
82870DZBTI,Mazda3,2004,Mazda,97715
98153DYFMZ,Paseo,1995,Toyota,337927
09304JJUWR,900,1999,Saab,73780
91671TODMF,Challenger,2002,Mitsubishi,201344
51465ZXUYJ,Rainier,2007,Buick,342966
53132PQROL,Tracker,1994,Geo,159162
29362AHQZD,5 Series,1992,BMW,327734
26200NBWJO,HHR,2009,Chevrolet,479846
39677EVEGE,Alcyone SVX,1993,Subaru,408008
66565JHAGP,Fusion,2011,Ford,81636
35448RVDHZ,M-Class,2006,Mercedes-Benz,482451
93843KMOAD,Econoline E250,1992,Ford,432149
80374WPTPY,Spyder,2003,Maserati,350076
61422DMBIC,Park Avenue,2001,Buick,136325
87942BYXHB,XT,1987,Subaru,72344
89439OWUVU,Murciélago,2006,Lamborghini,475271
04374ZSZIP,Daewoo Lacetti,2008,Suzuki,85627
30013PKDXA,Truck,1985,Mitsubishi,260055
56309HISCX,Solara,2002,Toyota,163498
94147ATZUE,SL-Class,1987,Mercedes-Benz,184629
77658NTBTH,V50,2011,Volvo,105153
21950KIGTH,Avenger,2008,Dodge,255470
70570FNGOV,LR2,2011,Land Rover,201733
59963VFYHX,Taurus,1992,Ford,340568
92487JWUEG,Quattroporte,2006,Maserati,482173
82410LKJHF,Suburban 2500,2007,Chevrolet,192262
92253FOXTE,Esprit,1992,Lotus,235117
08564GQKAI,Caravan,2003,Dodge,450229
16778EJYYT,Sidekick,1997,Suzuki,362722
50708ESFTL,Rapide,2012,Aston Martin,156587
64552UQITZ,A6,1998,Audi,43167
75880NRECW,911,1989,Porsche,28071
74017ZDXOP,E-Series,1988,Ford,276891
80101CTIGA,Swift,1995,Suzuki,468519
37406KLDAN,S10,1993,Chevrolet,353074
80464ZDVOD,Tempo,1993,Ford,155095
92569WZHKG,Ram 3500,2004,Dodge,160417
13436FAYAP,STS,2009,Cadillac,16882
98450DCQIU,Quattroporte,2010,Maserati,238403
13733CJKRF,Savana 2500,2010,GMC,326729
98263ZJICO,Tacoma,2012,Toyota,201069
98968BULEO,Sienna,2008,Toyota,38740
02306WJFXH,Ranger,1987,Ford,280265
17194OAYYQ,V40,2002,Volvo,269664
28697GIODY,Rio,2012,Kia,218204
17551ZXQKZ,SLK-Class,1998,Mercedes-Benz,62788
01319DFOCJ,RX-8,2006,Mazda,253636
93102WFJNJ,Accord,1994,Honda,457763
57676PBBLV,Explorer,1996,Ford,49033
55419TJGXI,Sebring,2002,Chrysler,226399
55417FUBNB,Grand Marquis,1994,Mercury,494949
67317PIYJD,Justy,1990,Subaru,218329
26803CTNGL,Maxima,1996,Nissan,398381
23777HOIMK,Lanos,1999,Daewoo,26507
72667JALEE,LHS,1996,Chrysler,155961
50972LKOCT,Ram 1500,1999,Dodge,364503
39148EJXGV,Grand Prix,1979,Pontiac,388508
90579QPEGR,Yukon,2001,GMC,185498
18438VEIDE,62,2012,Maybach,254850
59291JBSJQ,Taurus,2013,Ford,177797
50408NXCJX,F250,2001,Ford,159575
26824UZGUJ,300CE,1993,Mercedes-Benz,444915
05140HTMJJ,Esteem,1996,Suzuki,124450
94464MSAXV,Mazda6 5-Door,2006,Mazda,113945
96001XYMYP,Range Rover,1996,Land Rover,276526
55065SCYZO,S80,2004,Volvo,398558
75666EFYKA,Tacoma,2000,Toyota,172599
98326ZKMZO,E250,1984,Ford,207290
44780FKATF,Corolla,2010,Toyota,397419
78573IHAYW,Fit,2008,Honda,412659
50873UBMSV,Mark VIII,1996,Lincoln,275161
18135BKPVC,Aerostar,1996,Ford,295953
28730BKJRK,1 Series,2008,BMW,115763
17986NROLX,Milan,2006,Mercury,281330
57358EKBAB,EX,2008,Infiniti,119381
25472UHQOE,RX,2001,Lexus,314365
58593EAZGE,Montero Sport,1998,Mitsubishi,297078
77769MQJGK,Highlander,2006,Toyota,17435
79511VXFUL,Diamante,1998,Mitsubishi,214581
86855IIXOC,Econoline E350,1993,Ford,497971
66244NOEIP,911,1999,Porsche,290663
16974RKOGH,B-Series,1991,Mazda,102979
00623ICIPY,Ram,1994,Dodge,109800
36047JUMTB,B-Series,1988,Mazda,185917
34239JUNRC,Outlander,2004,Mitsubishi,404503
63899BWVPJ,Tundra,2005,Toyota,16577
87170HHSYK,Echo,2001,Toyota,363718
98635KZUXV,S4,2013,Audi,374278
91306FJDJZ,A4,2007,Audi,164337
81619OLIUU,Rendezvous,2007,Buick,335767
41022ABHPN,Tiburon,2009,Hyundai,139257
82952SWWYB,Malibu,2011,Chevrolet,237278
20335FWKOI,V40,2003,Volvo,226921
89274NGSJE,riolet,1996,Audi,175046
54204QZSNS,Venza,2012,Toyota,282793
52164GWZTU,Eurovan,2001,Volkswagen,448533
83911ZYYOH,E-Series,2011,Ford,406441
26240TNOYF,GS,2001,Lexus,494025
99839RRPNB,900,1988,Saab,124643
90413GAUBU,Range Rover,2007,Land Rover,114939
27029TUQLW,Sentra,2007,Nissan,455393
25524AJAKA,Grand Prix,1984,Pontiac,212786
56621PFUBS,Torrent,2008,Pontiac,105452
04519UHVQH,Century,1986,Buick,170467
43706EMVJG,Type 2,1991,Volkswagen,400849
09882LPMIL,Camry Solara,2006,Toyota,327429
93557WKWLF,Type 2,1989,Volkswagen,15818
90776QDDMI,Town Car,2004,Lincoln,45298
03344EGFIT,Samurai,1994,Suzuki,96250
46411LNRKV,Cherokee,1992,Jeep,174410
66589PNIBD,CLK-Class,2007,Mercedes-Benz,473263
14170LFHSA,911,1986,Porsche,93772
47352OLVTL,MKS,2009,Lincoln,99521
35399XCDWG,Azure,2007,Bentley,50979
17988EJTCY,Yukon Denali,2000,GMC,461975
32032FPCDD,Passport,1994,Honda,99459
61832VAZAO,Corolla,2004,Toyota,10502
33254LIUXG,Dakota,2000,Dodge,63701
87060TFBDM,Oasis,1998,Isuzu,310340
03007FRWZD,Paseo,1995,Toyota,346133
37010HTFYL,5000CS Quattro,1986,Audi,287706
39796JKVDC,LR3,2005,Land Rover,484199
33153ALSOR,Legend,1987,Acura,390061
30934ZWLPT,LR3,2006,Land Rover,283308
65736IBGFY,Pilot,2007,Honda,457876
66312DEYWY,V70,2006,Volvo,357920
88965WXSEE,Grand Vitara,1999,Suzuki,251484
94051JCNCB,Legend,1993,Acura,216129
18450GUDZW,IS-F,2011,Lexus,395141
87665MRIVK,Quattroporte,2005,Maserati,166685
33593KGPER,Ciera,1992,Oldsmobile,412990
43805YNLBP,1500,1995,GMC,42417
97448WZVNJ,H3T,2010,Hummer,102435
20647OPAOV,Starion,1986,Mitsubishi,186151
84443RWKCH,Intrepid,2001,Dodge,454365
36668HAIQP,ES,2000,Lexus,297980
99578WWEXL,Suburban 2500,1994,Chevrolet,388853
19016JTDLH,Suburban 2500,2011,Chevrolet,389646
55010OIDFH,E-Class,2011,Mercedes-Benz,424091
24521OZZBS,Odyssey,1996,Honda,80355
44308QTPJZ,M5,2006,BMW,294054
60593TQLIM,Accord,2004,Honda,32340
01532WCVPV,Spectra,2002,Kia,310614
75226PRUSX,Mazda3,2010,Mazda,379962
52032JSAZF,Cougar,1985,Mercury,159554
72996JOBDT,G,2005,Infiniti,176621
04078OCXVT,Mustang,1984,Ford,356261
90422GVMZI,Savana 2500,2002,GMC,279085
97818FHCGA,Ram 1500,1999,Dodge,380995
92975UZUWZ,Q5,2011,Audi,126869
20484SKCBE,Mazda6 Sport,2006,Mazda,255081
64925ECKCD,Express 1500,2011,Chevrolet,421331
38280IVXFM,Stratus,1999,Dodge,112125
56381OFLJL,62,2007,Maybach,306554
88922FXPGI,Impala,2002,Chevrolet,354532
58864XQAMD,Rally Wagon G3500,1996,GMC,394491
87832GQOTF,Crossfire,2005,Chrysler,77946
08250ZNHWB,LTD Crown Victoria,1989,Ford,458095
83412ADYMM,Accord,1991,Honda,283949
33791YJCAG,Milan,2007,Mercury,360628
18156SWSFR,Azure T,2010,Bentley,68987
51981IPUCX,DBS,2010,Aston Martin,106150
88059FEYKS,Sprinter,2010,Mercedes-Benz,233047
68518ABXUI,Soul,2012,Kia,360349
47411NEWEY,Somerset,1985,Buick,11103
29267VDUXW,Sunbird,1985,Pontiac,235535
07679SYGWK,i-280,2006,Isuzu,493782
01548KAQJU,Mustang,1979,Ford,287974
79886FVQSY,Viper,1997,Dodge,435218
06945QIUVE,CR-V,1998,Honda,457283
22555EAKIA,F350,1997,Ford,453508
22348KBZDW,Range Rover Sport,2010,Land Rover,257908
41179VMNTH,Alero,2000,Oldsmobile,417972
45386LEKDV,Tiburon,2006,Hyundai,404446
10697FSGVL,B-Series,2001,Mazda,306103
86997EHJLI,Golf,1985,Volkswagen,103572
39565QHVUX,Montero,2002,Mitsubishi,193342
22969HYMFK,Ram Van 1500,2002,Dodge,65014
04949VDTTD,Savana 1500,1997,GMC,344216
95569ZSINY,Legacy,2000,Subaru,10233
20106JLOHA,Expedition,1998,Ford,85984
18209NQAEE,S80,2000,Volvo,319242
46477ZSBMJ,Vega,1971,Chevrolet,58456
71763BRGIH,Suburban 2500,1995,Chevrolet,92369
78412MADDE,Integra,2000,Acura,462187
61705MEYNV,Sunfire,2002,Pontiac,346942
89873AYUTF,929,1994,Mazda,384741
80841RANTO,Grand Cherokee,1993,Jeep,166567
44719ISBDU,Impala SS,1995,Chevrolet,293627
87383SMMJP,STS,2006,Cadillac,117138
87601EZWIZ,GS,1993,Lexus,372283
16568VLPFN,Lanos,2000,Daewoo,32450
41314YUJMH,Caliber,2010,Dodge,419604
17457YYMEA,G6,2009,Pontiac,286910
72349HTXSO,Venza,2013,Toyota,266051
12908UMWJM,S40,2011,Volvo,373481
19830MIIVI,LR2,2011,Land Rover,48404
17697YXHFP,Z4,2012,BMW,370837
70237YXKGL,DBS,2010,Aston Martin,240127
56118JWQYC,HS,2010,Lexus,153446
76767FGIPX,Seville,2002,Cadillac,15500
43759QJBHF,GTI,1989,Volkswagen,353146
53573IOOQH,Riviera,1993,Buick,454301
78898SLWZR,Spyder,1991,Maserati,110862
96195IXSNV,Insight,2005,Honda,236930
85931GHKMZ,325,2005,BMW,88290
41226KXNQT,Passat,1990,Volkswagen,194514
48380RGJSL,Laser,1989,Plymouth,223356
58732FNFYS,Impreza,1996,Subaru,73781
54500WAHBI,Galant,2005,Mitsubishi,6629
41760ZJBTB,RL,1996,Acura,238313
09488TJHLH,Nubira,2002,Daewoo,483639
16930WOHGJ,New Beetle,2006,Volkswagen,405247
54622PMOOV,S-Class,2006,Mercedes-Benz,201689
14634UVOYV,Park Avenue,2000,Buick,333964
29728LYBMP,Voyager,1993,Plymouth,13249
92277HORKE,Supra,1998,Toyota,238483
33064KUTQQ,Achieva,1992,Oldsmobile,279218
98780OPNKW,525,2006,BMW,368308
07109PJTSV,Suburban 1500,2003,Chevrolet,328589
73035EDAFW,Expedition,2007,Ford,340573
11711NMGUC,F-Series,1994,Ford,407003
95088LXOVX,458 Italia,2011,Ferrari,356887
94725ZTXON,240SX,1992,Nissan,155860
61399ZWBZL,Dakota Club,1995,Dodge,266531
04701ZOLDB,Camaro,1971,Chevrolet,168503
92213DLKXD,Stratus,2002,Dodge,249587
08419QVPWS,Esprit,1994,Lotus,463143
74689PIGJQ,Ram 1500 Club,1999,Dodge,438844
28139BNNAV,Grand Voyager,1993,Plymouth,374060
30459UONYL,Savana 1500,1997,GMC,364566
79012GRPLQ,Impala,1995,Chevrolet,480812
05978KDOVL,Ridgeline,2008,Honda,12807
18596GENIP,New Yorker,1994,Chrysler,235887
01494OVQWH,Camry,1996,Toyota,280455
48344WXMAY,GranTurismo,2010,Maserati,108542
43770XSTOR,Silverado 1500,2011,Chevrolet,60738
48079RDLFW,Z4,2006,BMW,187115
54590TMBJX,Navajo,1994,Mazda,264123
94309WRZWU,Accord,2011,Honda,107584
68583FAKRX,Pathfinder,2005,Nissan,378048
14287UDVJD,Milan,2007,Mercury,329680
48197QRCSV,Coupe GT,1986,Audi,487638
88775RIWSI,325,2005,BMW,335513
10194EHAQV,Durango,2004,Dodge,413213
92304UNEDD,Colorado,2010,Chevrolet,202468
08359UDDJH,Integra,1988,Acura,133854
32274PSSME,M3,2011,BMW,323574
56315HBJDL,Relay,2007,Saturn,79351
99455DOILE,Caliber,2012,Dodge,186231
12472VXVFN,Achieva,1998,Oldsmobile,360393
13490GDTEG,Hombre,1997,Isuzu,314900
62844ELAII,Hombre Space,1998,Isuzu,279990
17880OXUIX,550,2006,BMW,2037
27000GMUIY,ES,2001,Lexus,492455
72167KSBLV,Grand Prix,1964,Pontiac,367030
01723VPLVF,Escalade EXT,2003,Cadillac,281304
75989CDGPP,Dakota Club,1994,Dodge,255450
95762FRNWC,H1,1994,Hummer,301561
98288DNISJ,Mazda2,2011,Mazda,499783
97894PKFPJ,Thunderbird,1965,Ford,395733
15518EXJBF,Town Car,2004,Lincoln,88407
79693HGBRI,EXP,1986,Ford,348667
78892WMMQS,Camaro,1978,Chevrolet,155597
58369APSCZ,MDX,2007,Acura,169560
26539DFUEH,Thunderbird,1993,Ford,124704
10898CFMBN,Silverado 3500HD,2006,Chevrolet,457129
38844QFCKD,Capri,1986,Mercury,421552
20811BADAX,Rio,2008,Kia,457512
14214WWKAC,Range Rover,2007,Land Rover,378185
56522DAXMJ,Suburban 1500,1994,Chevrolet,235364
62893KFNYK,Rodeo,1998,Isuzu,17802
06393UYURW,Insight,2011,Honda,420087
34984QQONX,F250,1984,Ford,288069
05124GMHLP,Neon,1999,Plymouth,313994
39041VVQQY,Escort,2002,Ford,408483
43909YTJOR,Mustang,2006,Ford,135578
16803SSUXO,Ion,2005,Saturn,84538
03597BEPFP,Parisienne,1985,Pontiac,464206
16274PMMTW,900,1996,Saab,260290
37917PBSQA,Voyager,2001,Chrysler,162997
00211KNHPY,Regal,2000,Buick,462327
15779TJRDG,Carrera GT,2005,Porsche,86577
37860UREZL,Aspen,1976,Dodge,398635
94748HAFWV,GTI,2001,Volkswagen,49185
44477YGYGE,Aerostar,1989,Ford,289658
29096NSMAS,Escape,2004,Ford,489817
91105IBPZP,Malibu,2007,Chevrolet,460529
92709ZIIDQ,A5,2011,Audi,499012
94914NJOIB,Econoline E250,1994,Ford,319898
18805CMUUQ,S6,2003,Audi,2930
29654ZBZUE,MX-5,1991,Mazda,248140
37247NHEMJ,80,1991,Audi,413383
28187WECJU,Precis,1990,Mitsubishi,10112
90995EAZAC,XL-7,2004,Suzuki,323952
42286DUHRO,Focus,2011,Ford,483901
28880MLRCX,Grand Voyager,1994,Plymouth,276367
76437IDXEN,LR3,2007,Land Rover,338641
80837MMFJJ,Grand Cherokee,1993,Jeep,237982
22166ZNXXW,CL,2003,Acura,498599
62717IRTCU,Impala,1996,Chevrolet,372425
54183ISXOI,MR2,1995,Toyota,372592
18665HQEWK,S80,2000,Volvo,124580
16591BTVDV,Phaeton,2005,Volkswagen,210745
95415BBDGU,Silverado 1500,2006,Chevrolet,479325
23973RYGSX,Vantage,2009,Aston Martin,402157
04063YNFDY,Corolla,1995,Toyota,341622
08072KUDMX,Bonneville,1987,Pontiac,368833
87187LTFRI,Custom Cruiser,1992,Oldsmobile,420712
48273GCDBO,Voyager,1992,Plymouth,475673
76647IXEYL,CX-7,2010,Mazda,109073
23314YLVAG,Land Cruiser,1997,Toyota,200020
95281CBWSG,LUV,1979,Chevrolet,440549
80781MFHHB,Vandura 3500,1994,GMC,232195
78245SQVCC,Escort,1987,Ford,373652
39394UMBCW,NSX,1997,Acura,323848
20051SESHR,SL-Class,2008,Mercedes-Benz,51109
01431IAKBT,3-Sep,2007,Saab,450085
87272JHHZY,Legacy,2011,Subaru,299042
94471RXMZL,Falcon,1967,Ford,463493
69920WSWLY,525,2005,BMW,382690
89969KILEX,MKS,2010,Lincoln,46798
27944IERWQ,M3,2001,BMW,33307
41009SAJBG,E-Series,1996,Ford,456713
28142RWGUX,Capri,1986,Mercury,156639
98984KWNJS,Jetta,1988,Volkswagen,160723
08979AJCTN,Voyager,1992,Plymouth,25332
18069JEKZX,Jetta,2004,Volkswagen,400556
02213CMVHW,Avalanche,2007,Chevrolet,31703
30883QKOAI,CR-X,1988,Honda,432275
94612GXBPD,MX-5,1990,Mazda,234488
24818NFWSM,SL-Class,2002,Mercedes-Benz,332441
75648HSRCU,Leone,1986,Subaru,165859
43918YTPGK,Pajero,2005,Mitsubishi,308418
77252CWIVP,Xterra,2007,Nissan,462128
48349KGRQN,Monte Carlo,1995,Chevrolet,168607
75039RRBIM,Avanti,1964,Studebaker,263376
87542KDGRF,Lanos,1999,Daewoo,446448
76826FRPWL,Yaris,2012,Toyota,72637
15885NMYNU,2500,1995,Chevrolet,217939
96680YMJEE,2500 Club Coupe,1992,GMC,45874
63009WSORQ,HS,2010,Lexus,484173
43745YXLQF,Econoline E150,1999,Ford,310418
04951DZBOV,Freelander,2001,Land Rover,121872
82463SLBQJ,Millenia,1995,Mazda,206530
45106TTLUI,Eclipse,2007,Mitsubishi,199187
34606UJZUX,Firebird,1991,Pontiac,386032
86816TVFKY,Yukon XL 1500,2006,GMC,345655
32900UKOAR,E-350 Super Duty,2006,Ford,102474
43426GNHSZ,Phantom,2009,Rolls-Royce,304705
77897OLOUH,IS F,2011,Lexus,197663
27183UCYYK,Crown Victoria,2003,Ford,364197
69883QWJIB,Quattroporte,1984,Maserati,39303
05990MHHPQ,X5,2005,BMW,259184
91792ZKQEY,Crown Victoria,2007,Ford,305658
48782KYYPX,Legacy,2003,Subaru,215591
18817XCOVL,Patriot,2010,Jeep,356101
40420IIGXR,Esperante,2005,Panoz,47768
15160UWRDK,MDX,2005,Acura,283929
51719WOCFX,9000,1999,Saab,155347
75659CANUI,Avalon,2009,Toyota,278705
91228XYFEF,F-250 Super Duty,2006,Ford,203099
77339QGDRT,Dakota Club,2006,Dodge,214105
32934YFHPX,SLX,1997,Acura,301962
89812KYRBN,IS-F,2012,Lexus,157160
38846OCLNS,PT Cruiser,2005,Chrysler,281584
91714PMWGZ,RDX,2008,Acura,126901
16680LBWDS,Elantra,2006,Hyundai,436775
45039SFQZZ,Crossfire,2005,Chrysler,288824
78644ARPBB,Daewoo Magnus,2006,Suzuki,208384
40941RUNTD,Grand Marquis,2000,Mercury,392244
50448QTDFA,Tacoma,2011,Toyota,463884
16854NROKX,300TE,1992,Mercedes-Benz,377789
54754UZWQC,Rondo,2007,Kia,83376
05765BIIWK,Corvette,1986,Chevrolet,491309
09861AHOKU,SLR McLaren,2005,Mercedes-Benz,428680
12315JMLKQ,Protege,1996,Mazda,376937
38185EWOVY,CTS,2005,Cadillac,364061
35127WPVDE,X5,2012,BMW,291454
24364UXSMY,A6,1999,Audi,476456
57906JHDZC,Defender,1993,Land Rover,359166
06842FUCZP,Suburban 2500,1999,Chevrolet,171660
54726CSUMP,Eclipse,2000,Mitsubishi,155578
07978HJDFF,Galant,2010,Mitsubishi,381208
61541OEBVQ,H1,2000,Hummer,39664
34124MHRPZ,Passat,1988,Volkswagen,326549
38252QRMBD,XC70,2005,Volvo,72789
94687ZQHAL,Navigator L,2009,Lincoln,227644
21165KTCQU,Continental,2009,Bentley,466299
21016WZHPY,TL,1999,Acura,376103
35420VGDSQ,MKX,2011,Lincoln,157699
92010YINZZ,GTI,1992,Volkswagen,206542
32561TDJXX,Focus,2008,Ford,470005
49461RMATA,Rally Wagon 2500,1994,GMC,274548
51326EZNTE,Sentra,2012,Nissan,424574
52669QCYCQ,F-Series,1995,Ford,394165
17548PIQQJ,Grand Vitara,2008,Suzuki,35913
12970UARGZ,Bronco II,1990,Ford,65531
07615MWEEQ,SL-Class,1987,Mercedes-Benz,199007
98913KMPIU,Sonata,1995,Hyundai,96229
42116HUHNN,S8,2001,Audi,477934
21411PUYKY,Quest,2002,Nissan,129857
59762ZHSFL,Element,2009,Honda,383255
87004INLXL,Grand Caravan,1995,Dodge,399334
69307AWTRL,Stylus,1992,Isuzu,108453
11785NAGDJ,57,2011,Maybach,382109
96172KKDAZ,X5,2001,BMW,89112
78422ZNJQW,F250,1998,Ford,131838
97718LHOOR,S10,2003,Chevrolet,461045
08005RQFKH,Passat,2009,Volkswagen,405922
14481MBKRC,Ranger,2007,Ford,163463
29876NPJSR,Venture,1999,Chevrolet,401549
81446BMZDP,Passat,2000,Volkswagen,408466
15061HYBKU,Tucson,2011,Hyundai,193981
53984EIGXS,Swift,1993,Suzuki,424279
56739BDJCN,LS,2002,Lexus,64063
65212QFVHM,Tracker,1994,Geo,350897
64066IWZIF,Explorer Sport Trac,2000,Ford,51351
85723AKFLJ,745,2004,BMW,410354
34096NEIPP,IS,2005,Lexus,307451
37589RLYFX,Voyager,2000,Plymouth,321012
79336NCUYK,Touareg,2010,Volkswagen,157850
25851WCQLQ,Boxster,2013,Porsche,63817
64053MMDSL,X5 M,2010,BMW,198485
34800GVUXT,Talon,1995,Eagle,466059
75492PVPZW,E250,2004,Ford,339623
32101LKMGP,Bronco II,1989,Ford,339664
42421FYLXR,E250,2009,Ford,375246
29093DXEOB,LX,2000,Lexus,75771
27979ARDYX,GT350,1969,Shelby,415840
55337ROFVF,944,1986,Porsche,445347
45598IXMVE,Phaeton,2004,Volkswagen,166863
50608XUYQU,F-Series,1985,Ford,392282
95547USQVK,Impreza,1994,Subaru,359300
97408KSKJJ,Civic,1997,Honda,321184
34592YLXLI,Stealth,1995,Dodge,186009
45152QOKVW,Endeavor,2005,Mitsubishi,93668
89312KGPJO,Tempo,1992,Ford,292494
62922YKQAJ,NSX,1995,Acura,361001
43970IVQAJ,Galant,1997,Mitsubishi,329082
06320XSJSS,Discovery Series II,2000,Land Rover,324006
76661OTDDR,Suburban 1500,2006,Chevrolet,25356
70958RBZLX,Esprit,1995,Lotus,189442
06001NKLAN,Escalade EXT,2009,Cadillac,9600
25250UTYYV,Range Rover Sport,2007,Land Rover,484260
01406KUXVD,Fury,1964,Plymouth,70317
17778IMUPL,Taurus,1992,Ford,345087
35653BQZOA,Grand Caravan,2007,Dodge,324324
78718XQEYB,Eclipse,1989,Mitsubishi,207363
44233ZFMEZ,GTO,1995,Mitsubishi,468157
12816PBYDA,Sunbird,1989,Pontiac,147572
79863DFUHL,Cirrus,1997,Chrysler,147019
60975CMNNU,Econoline E350,1993,Ford,227793
79316GUIGF,5 Series,2001,BMW,400692
68270OVIHG,E250,2003,Ford,391806
86460CEEXS,Mountaineer,2003,Mercury,448791
68873DZUXK,Forester,2007,Subaru,369575
70830HDXGC,Ram 3500 Club,1997,Dodge,488862
17457YNWTJ,9000,1990,Saab,389467
96133JTYFG,Accent,1998,Hyundai,7186
07754EHINO,Rio,2001,Kia,45790
58141UTZEH,Expedition,2009,Ford,277849
00194RJOQO,Econoline E150,1999,Ford,173261
69745KKKEJ,Caprice,1996,Chevrolet,195827
25099CVDEF,Colorado,2010,Chevrolet,414548
31893VCKAU,Sable,2002,Mercury,54806
50861VIENB,STS,2009,Cadillac,412784
03480MQMUN,DTS,2011,Cadillac,296515
21786AHTKC,626,1995,Mazda,2817
64388YZZQA,Maxima,1992,Nissan,23824
01971CLJDS,Accord,2001,Honda,412669
85766REUMB,Yukon XL 2500,2013,GMC,5667
52511OLPQU,Lancer Evolution,2003,Mitsubishi,361647
60680TXCDF,Tundra,2007,Toyota,195424
82313TZCPT,Town Car,1993,Lincoln,101626
94827JFOVX,Civic,2011,Honda,465887
70233OOOAE,Esprit,1996,Lotus,69985
52287RALGB,Quest,1996,Nissan,1417
15288KTJBB,LeSabre,1990,Buick,42663
62739OFJPR,Sebring,2010,Chrysler,134084
30944RLAHF,Tacoma Xtra,2000,Toyota,88591
71096VUOPL,Galant,1986,Mitsubishi,208246
17090OGHKW,Cruze,2013,Chevrolet,312976
31114DBJWW,Reliant,1981,Plymouth,271797
62157LPZBI,Cabriolet,1998,Audi,430635
77514ACBAX,5-Sep,2004,Saab,375629
47420GYNCQ,612 Scaglietti,2008,Ferrari,179086
67000KMRJA,SLS-Class,2012,Mercedes-Benz,283671
47325DVSWX,Savana 2500,2010,GMC,467553
44803EDBAM,V50,2007,Volvo,383434
00149ZQTFT,Fifth Ave,1992,Chrysler,361433
30975YMEQZ,Freelander,2002,Land Rover,493143
18858HXRFF,H2,2009,Hummer,142712
57622SGJCI,100,1990,Audi,122986
07227UANOL,Cooper,2006,MINI,136188
31562IMFKA,Expo,1993,Mitsubishi,140252
37147KJKIX,Truck,1993,Mitsubishi,342094
53742KMRUH,XC70,2005,Volvo,240502
32574TJMMG,Quest,2008,Nissan,125928
18028AGRHJ,Ram 2500,1994,Dodge,71317
52779OGEKM,Sierra,2011,GMC,353999
27048QIXDY,Cougar,1995,Mercury,156884
76320LTCKR,Raider,2008,Mitsubishi,254528
61110PXRTD,Endeavor,2007,Mitsubishi,18827
79146KCSRV,Ram Van 2500,1998,Dodge,3657
91424KGOPU,Express 1500,2001,Chevrolet,146757
39025MSWST,CR-V,2008,Honda,121315
66676ABBQD,LS,2005,Lexus,218638
37048AJURW,Altima,2010,Nissan,241718
95453IULQJ,Pajero,1998,Mitsubishi,167018
69602ZSOFV,Safari,1989,Pontiac,69624
55516XKPBY,Colorado,2010,Chevrolet,183570
07114RBHSB,Bravada,1998,Oldsmobile,286185
20176SJBTL,TT,2008,Audi,184532
14411GBHIL,A4,2005,Audi,487228
05678EMILP,Escape,2009,Ford,267757
75070QUKOJ,Milan,2006,Mercury,209712
50914AAFXV,Liberty,2003,Jeep,270969
08353WWAVJ,Prizm,1998,Chevrolet,427465
67389RHKTM,Thunderbird,1985,Ford,34828
34857YMOPT,Discovery,1997,Land Rover,119497
91190HQQOM,Focus,2011,Ford,126832
34638IMJLQ,Windstar,1998,Ford,134507
56379EQLSP,A6,2004,Audi,251182
93180YZCWD,Familia,1985,Mazda,265595
34485NKMIT,PT Cruiser,2006,Chrysler,5090
28652SQBDI,TL,1997,Acura,256634
19365QRDVU,J,1997,Infiniti,139280
48380OBGCZ,IS-F,2011,Lexus,395568
57009CZJJJ,Terraza,2005,Buick,413001
87702WZDAG,QX56,2007,Infiniti,282603
36744QMDVN,APV,1992,Chevrolet,115011
39907ZJBLI,Quattro,1992,Audi,233529
46241SBHLZ,Sportage,2001,Kia,101762
73297IWFBR,F350,2012,Ford,74954
99575WFAFO,Magnum,2008,Dodge,112106
00852BHAZY,CR-V,2005,Honda,1461
40741ESNZG,F350,2001,Ford,149306
32115VCKZK,H2,2006,Hummer,350611
75192JUNUF,5000S,1986,Audi,254960
96218ABRBF,Capri,1992,Mercury,217230
80223VUJGC,Arnage,2006,Bentley,36940
53146TNJBD,Mirage,2000,Mitsubishi,173205
14026XGOFB,Leaf,2012,Nissan,170768
16417SRTUC,Town & Country,2006,Chrysler,308239
61995KODCA,SL-Class,1989,Mercedes-Benz,379731
46977GOJVX,Prius,2006,Toyota,327070
38084AKFTF,Regal,1986,Buick,427285
79649PZNSS,S2000,2005,Honda,159795
57642CRHVA,Sienna,2010,Toyota,189199
92416FQEFH,R-Class,2010,Mercedes-Benz,174094
24506HXHSH,B2000,1985,Mazda,254609
94108XOHKJ,Quattroporte,1984,Maserati,282078
11011IBKDW,Impala SS,1994,Chevrolet,138081
47691HYGWN,Raider,2006,Mitsubishi,28799
44496EOWRH,SLK-Class,2012,Mercedes-Benz,406039
49720XLQEU,Quattroporte,2011,Maserati,400587
91144USBXX,88,1996,Oldsmobile,12836
31735HBFSI,900,1984,Saab,218215
34467HGPWD,Windstar,2003,Ford,241363
12103LAZLK,SSR,2006,Chevrolet,250529
09012NUHML,Explorer,2010,Ford,355367
58399NLBKE,Tiburon,1998,Hyundai,396645
22756DBYLX,944,1983,Porsche,175596
15185HWTBA,F250,2004,Ford,484746
75815TGSVU,Festiva,1990,Ford,166352
85912KVZJF,C-Class,2001,Mercedes-Benz,382494
88195RMUEX,H1,2001,Hummer,463094
59077SNJIY,Yaris,2008,Toyota,351559
22021ULYJS,Yukon XL 1500,2005,GMC,87400
88472VTJEC,Mystique,2000,Mercury,211440
97001TLQPC,Avalon,2002,Toyota,270477
58325ORUAZ,G,2009,Infiniti,163471
81147MDQYB,Touareg,2007,Volkswagen,274223
28801SZPDC,Expedition,2002,Ford,471511
81081BCDTT,Ciera,1996,Oldsmobile,232623
24649UCDHO,Range Rover Evoque,2012,Land Rover,102071
03600ITRRM,Express,2008,Chevrolet,467291
48571KRBNJ,Wrangler,1995,Jeep,116363
86958OHKFR,Millenia,1998,Mazda,271136
49862FABJQ,C8,2006,Spyker,188284
18703MNTLG,G,2002,Infiniti,80187
32132GZVSJ,Suburban 1500,2003,Chevrolet,356747
70804JELWG,New Beetle,2005,Volkswagen,200098
03087EBXCQ,Electra,1989,Buick,90041
28612DXLPK,280ZX,1979,Nissan,17554
98461HXEDT,Genesis Coupe,2011,Hyundai,457872
33408HONDG,APV,1992,Chevrolet,436151
67549LCARX,Sierra,2009,GMC,163781
71603QBWCX,Avalon,2011,Toyota,328719
80854GBORP,SLK-Class,2002,Mercedes-Benz,89023
82959JEJNO,Windstar,1998,Ford,143837
82330AQIWO,Esprit,1992,Lotus,80832
39756OXHCY,Fleetwood,1993,Cadillac,17391
31608DVPAE,Expedition,2006,Ford,429581
78299EZWYS,Bronco,1989,Ford,124947
94552SOOMQ,Raider,2008,Mitsubishi,315982
