license_plate,frame_number,model_id,color,category
9Z512,5TDBY5G10ES769759,40164WNEOG,Blue,motorcycle
727 JGD,5NPDH4AE1DH121155,53378QJKHO,Green,car
2LU 363,5XYKT3A13CG401677,23451TJCEZ,Puce,track
CFZ-382,WAUPFAFM1AA112019,01113NKLFK,Purple,track
072 4QK,WAUKC68D61A340935,60463ILRGE,Orange,car
BJ6 Y7V,WAUEFAFL3AN215188,37248SVQFP,Red,motorcycle
566 JNB,WAUKFAFL8EN066432,56414TXOMM,Orange,track
QSH-5559,1G6AX5S3XF0606342,96905DGNXV,Goldenrod,car
759-HKD,JA32X8HW8DU972423,02228NOJUO,Goldenrod,track
FQS4118,3C3CFFER8FT289943,28607PJGVG,Mauv,track
0U 0335S,WA1CGAFE9BD098324,18796ERGBK,Indigo,motorcycle
QDM-2037,1GYS3FEJ9BR330488,91840ABVMY,Indigo,track
RIU 090,5UXFH0C55BL445005,92744LJUVI,Fuscia,motorcycle
CGU4014,2T1KU4EE2CC798634,84468GNBMX,Red,track
KUM 150,1G6DK8E39C0221875,01632YTQRY,Aquamarine,motorcycle
257-AFM,WA1CV94L59D159944,20001CNUCM,Puce,track
0ZLD 20,SCBFU7ZA7EC145533,08632RNFSU,Orange,motorcycle
9ND 607,5GNRNGEEXA8735545,10730DSLOA,Teal,motorcycle
60B H04,2T1BU4EE4DC219466,01069YZYOM,Red,motorcycle
RK-4506,WBAPH5G56BN002361,93631DXDQC,Puce,motorcycle
UJN-843,1GYS3MKJ9FR793276,71238ESJEJ,Green,car
HYK 366,1G6D05EGXA0764995,34023FWZNL,Red,track
MBR 586,2HNYD2H24DH763613,28811ZYSRG,Pink,car
3TD 621,1GYFK43888R860579,96500CPHGX,Mauv,car
938 QHJ,WBAKF5C59DJ644217,59647CBAND,Turquoise,motorcycle
122 FYK,KMHHT6KD8EU731848,60338HTOHB,Green,car
760-MKBU,2G4GK5EX0E9098239,81920YVSAE,Crimson,motorcycle
465-HCJ,SCFAB42341K991367,49477YFEAB,Orange,car
267 JQV,5UMBT93537L901668,23876VQUMS,Mauv,track
7UYR078,WAULT68E43A089008,38793DFDZW,Blue,track
052 1561,JTDZN3EU2EJ635857,79980VVMYB,Teal,motorcycle
O 923797,4A4AP3AU5DE846712,56779CCSNT,Indigo,car
LGN-1306,JTEBU4BF2DK987020,97911PYRMW,Green,car
846 4924,JA32X8HW4AU159155,71631FGPBA,Orange,car
374 TK2,WAUXL58E35A170516,98550RDWNQ,Indigo,motorcycle
E55 3KP,WBAHN03597D690505,07267DLTLH,Mauv,track
VN 90470,1GYFC332X9R083875,67338SQJJE,Yellow,track
U95-83Z,3N1AB6AP1CL847164,17155CLUQS,Fuscia,motorcycle
AQL4744,1FTWW3B50AE706910,05321NYVGE,Puce,motorcycle
502-XPD,WBA5A7C53FD623940,34875VFWSA,Orange,motorcycle
N24 2SO,5J6TF1H36FL972218,51518DIAML,Fuscia,track
693M,1G4CW54K554853901,01714QMQHX,Khaki,track
PV5 4900,WAUDF78E96A170589,15822YJLBV,Yellow,motorcycle
1-89256,WBA3B9C52FJ203295,83776IGTGU,Khaki,car
8C 7R6MFX,WBANV9C56AC086317,69434QYOWH,Purple,car
BEB1897,1G6AR5S35E0857455,27879YNWWM,Pink,track
9-30884,WAUWFAFR0AA486502,93608NWYHE,Indigo,motorcycle
15Y 823,1G6AH5S35F0997994,69035FZZMK,Aquamarine,motorcycle
IUM 377,WAUXL58E35A519741,48718CCRSJ,Pink,car
ORA-886,JHMZE2H52DS656570,81530MDQXF,Turquoise,track
226 0FR,WBSKG9C55DE397545,89750MWNEU,Green,motorcycle
FR0 2492,1G6DN57S740900474,29840EVFVM,Khaki,motorcycle
5Z 7I0WSV,2T2BK1BA9CC920200,14002KPACE,Teal,motorcycle
929-XJT,1G6DK5EG3A0700386,77217ASFFK,Orange,car
D 548591,1G6DM5ED8B0444599,17544BCCTL,Khaki,track
6-89908,WBAYF8C51ED198785,53430LBGSB,Violet,motorcycle
5OR T08,WA1CGBFE4CD054366,26215FUNML,Red,car
8SWU 92,WAUEFAFL4FA157543,88568FGBBK,Green,motorcycle
Q18 0AF,1C4SDJCT3FC056451,35636YSGBO,Turquoise,track
0S A1011,WAUSH74F67N045429,25464WPLFL,Khaki,motorcycle
VJY 943,1N6AA0CJXDN978873,34124DGLIB,Maroon,motorcycle
UDT 336,WBANB335X5C832845,62596JFYYZ,Teal,track
XKG-9136,1D4RE5GG4BC603675,58957MHLES,Maroon,car
7-Q9517,2G4WC562751300617,96699ZLXZH,Puce,motorcycle
574-AOZ,1C3CDFBB0FD621022,73053NCNHC,Red,car
GTB 435,WAUBNAFBXAN163586,56166TDASC,Maroon,track
0IB 803,WBALL5C59FP111121,93627VLEBL,Mauv,car
RFL-2957,3GYT4LEF4CG652999,68606YKXRE,Turquoise,car
M19-91N,1FTSX2A55AE142310,99911CRPDM,Puce,motorcycle
3QB45,1FTWW3DY5AE766060,38409WIKNY,Orange,track
0-Z0625,JTDKN3DP7E3883166,24420EITWE,Red,car
6127,3VW507AT7FM423491,04264CAJBV,Violet,motorcycle
YEA-468,JH4CW2H52DC211260,43058OCOIQ,Teal,motorcycle
6XX 116,3N1BC1AP1BL504454,39641ZUOIF,Crimson,track
4-46616N,WBABD33434J237432,97059ZMQPM,Goldenrod,motorcycle
9ZO P33,SCFEBBCF0CG984503,61651XANQI,Maroon,car
TBD-688,5NPDH4AE6EH465338,59215SXHHX,Teal,motorcycle
LJU S70,SCFEBBEL0DG333828,26638YQZKL,Pink,track
3-13562X,1D7CE2GK5AS521499,88149HIAOX,Mauv,track
623 5388,WA1YD64B05N310529,66764WWWJX,Violet,track
MAS-641,WAUVT58E72A427034,24888OHNWO,Goldenrod,track
FTF-8420,3D7TP2CT3BG705051,76134WVQWH,Indigo,car
Z44 3DF,3GYFNGE34DS312712,01816IQQXB,Mauv,track
SUR 995,WUALNAFG6EN952703,22460KMGLF,Crimson,track
7BP 881,WBAVB335X6P423660,34838ATQWJ,Fuscia,track
0B E6144,5UXWX9C51D0775896,26117IVOWV,Indigo,motorcycle
1BQ 169,W04GP5EC5B1796665,30270OTWAZ,Pink,track
370-AMF,2G4GP5EX7E9974628,80426XMFNQ,Goldenrod,car
75LM5,SCBBP93W59C164657,99443FNBMC,Green,car
NLB-4427,2C4RRGAGXDR260578,17938VKVHW,Fuscia,motorcycle
416 YTP,WBA3R5C58EF486551,21214JLXTG,Khaki,motorcycle
5K 8L0QYM,5N1AA0ND0FN916911,52316ODVUI,Aquamarine,track
7YM4070,JN1BJ0HR7EM069599,36354QYTKE,Teal,car
LNY3441,5FRYD3H21EB504286,98264UNIZW,Aquamarine,car
2-61359G,1G6DW67V290805938,40636CIOKK,Aquamarine,car
36D JT4,2HNYD28628H326332,38812NDHMB,Pink,car
ZZR 318,1GKS1AE00CR223082,90228VRHSD,Goldenrod,track
767 PJE,WBAAX13414P170544,11227TZKBE,Fuscia,track
QCY 464,JH4NA21653T740243,62216RPJRT,Goldenrod,track
OQE N74,3FADP4AJ6EM362291,51696DPHDB,Teal,track
74Y M17,JN1CV6FE8CM391032,77209FYEAY,Indigo,track
1S XY951,2G61R5S34F9428976,98366HVUNT,Pink,motorcycle
HSZ-6396,1G6DN57S540029428,96926WJPQG,Orange,car
XY1 2439,1GYFC26249R308023,96412CDNHL,Khaki,track
LYS 352,3N1AB7AP1FY832029,92659KLGRG,Aquamarine,motorcycle
26A W31,WAUVT58E75A049480,90327VJIXZ,Green,track
13I L66,3VW507ATXFM914900,97312OCMVK,Yellow,track
04-J541,WUARL48H99K142156,89496WYPEF,Purple,track
T99-KBC,3C6TD5JTXCG062309,18086MDFGS,Goldenrod,car
68-1035A,19UYA42431A095061,79597KCPEF,Purple,track
189 HFU,1G4HF5EM0AU612702,03760TBJHC,Orange,motorcycle
41CU041,3C3CFFDR8FT560243,98261WJIOX,Red,motorcycle
2C 67350,1G6KS54Y84U679453,74600EMJHG,Teal,motorcycle
28033,WAUJC68E74A340239,61812ZTTXW,Pink,car
8BMP479,JN8AE2KP0D9638895,22341UYFKA,Teal,car
GRE-025,19XFB4F28DE796675,69256QAEGN,Blue,car
1-L0164,1G6KS54YX2U312230,64195GRKOT,Pink,car
GDZ0926,WBSWL93548P874537,17985LGROF,Violet,motorcycle
2V139,WBAVA37588N345892,42516QUOZQ,Goldenrod,car
694 VZ3,YV1902MC3F1975659,79679IYBAE,Pink,track
4961 IV,TRUTC28NX31426458,98202NZZPA,Puce,car
WLQ-8090,1N6AF0LX3FN556968,81808MJGXE,Goldenrod,motorcycle
5UQ 943,2B3CA9CV0AH603356,41154DWFZS,Goldenrod,track
44-HC56,WAUEG74F76N182541,99586HDGOW,Puce,car
4WEJ 70,JN1BJ0HP7FM194120,04949HVCNU,Yellow,car
401AW,WBAGL634X2D449038,53378QJKHO,Teal,car
53-N511,1GYEC63888R648124,23451TJCEZ,Teal,car
LYP 869,WBAHN835X6D872355,62766JSYLC,Aquamarine,motorcycle
F08 4EV,1G4HG5EMXAU791568,66271XGYSA,Fuscia,track
LKB 959,3GTU2YEJ4DG705266,56414TXOMM,Turquoise,motorcycle
QB-6655,2C3CCAST8CH968563,91840ABVMY,Purple,car
THX 215,JH4CU2F66CC302063,35092HVVHN,Orange,car
5M DX778,WBA4B1C54FG647555,47106DGXAW,Yellow,motorcycle
2S 9Q8TCY,2C3CCASG6DH217367,90807DLJUO,Pink,track
1MUT 21,5NPDH4AE4FH126174,74669OTCAS,Blue,car
KGN 691,WBANE73576C708077,83458QDVDE,Red,car
96QA623,1G6AM5S39F0742955,08632RNFSU,Green,track
TIX-774,SALFP2BNXBH010381,12614ZCXKU,Maroon,motorcycle
ICQ 879,4T1BF3EK4BU998230,94575NAUET,Indigo,car
DUQ4085,3D7TT2HTXAG222059,10730DSLOA,Purple,track
JHM-238,1G4HR54K74U426392,15202DNKVY,Mauv,track
3VN45,JN1AZ4EH6FM592413,73312ULUTY,Turquoise,motorcycle
SZU 900,WA1CGBFE4CD077145,59647CBAND,Green,car
0UB5012,5UXFG8C5XBL895735,37467VPAWA,Crimson,track
225 JCO,1FTEW1CFXFF041698,60338HTOHB,Goldenrod,motorcycle
226 WWG,1G6AP5SX1F0831476,99103NUVEJ,Blue,motorcycle
75U V05,1C3BC1FB4BN012886,05760HYIEE,Yellow,track
CDC-924,JN8AS5MT9DW593607,38793DFDZW,Yellow,car
YW 21591,WAUKG94F86N026930,73286WMKRD,Puce,motorcycle
CBQ4730,JM1CR2W34A0816856,12633KZZMC,Blue,car
2K TJ446,5TFCY5F1XCX841564,73042PEHKW,Teal,motorcycle
LDC6930,5GAEV237X8J180848,71631FGPBA,Indigo,motorcycle
DST 217,1N6AD0CU6FN314669,98550RDWNQ,Puce,car
1DJ X06,WAUFGBFCXEN013963,67338SQJJE,Blue,motorcycle
RQQ 703,1FTEX1CM2BK088401,51518DIAML,Aquamarine,motorcycle
568 BOL,WBAKB83519C856912,01714QMQHX,Purple,motorcycle
NIP-6327,WBAPM7C50AE753046,58104HOATM,Puce,car
894KK,19UUA65595A554582,69829RLUQU,Red,car
BEE 770,1G6KD57Y59U657388,18821PMCLI,Green,car
XX8 T1G,WAUAFAFC4CN034716,69434QYOWH,Yellow,car
HCI 343,WDDEJ7GB2AA387087,93608NWYHE,Maroon,motorcycle
511 RWL,3D4PG5FV2AT938700,69035FZZMK,Goldenrod,motorcycle
15-HM06,1FTSX2A56AE396303,29840EVFVM,Pink,car
8-86297P,1HGCR2E70EA417044,64856ZCAXS,Orange,car
4AB0480,4A31K3DT9BE198570,17544BCCTL,Khaki,motorcycle
574 JIM,3N1AB6AP7CL028465,94539KOZBG,Maroon,motorcycle
7925 VH,JTHBK1GGXE2924919,53430LBGSB,Red,motorcycle
32N G07,2HNYD18202H170564,09569XHRII,Yellow,car
6PR 858,WA19FAFL6DA917046,09790NICKX,Red,motorcycle
672 5MR,W04GN5EC8B1494356,25464WPLFL,Indigo,motorcycle
HQF 124,WBAEK73425B151292,81271PUFQU,Maroon,motorcycle
661-IYN,WBAWL73588P614635,27608ETLDK,Blue,car
4SS 130,WAUBGBFC8CN620553,96699ZLXZH,Goldenrod,track
ALZ 108,WBA3B5C53EF560351,48748VTWRF,Green,motorcycle
82-ME02,4T3BA3BB8FU787287,36792DRGYA,Turquoise,car
820 6ND,WAUML44D92N638828,93627VLEBL,Turquoise,track
BTN-572,SCFAD02A75G131375,68436EWCFD,Turquoise,track
538-HLN,1GYS3HEF5DR192541,15304TERJH,Yellow,track
088-JED,5TFCY5F10CX565668,04264CAJBV,Yellow,motorcycle
5-C5151,WBAPN73589A699706,07764LBAXP,Puce,track
925 UXM,JH4DB75571S086212,26638YQZKL,Indigo,motorcycle
16K 993,JN1CV6AR8FM342959,88149HIAOX,Blue,motorcycle
544,KMHTC6ADXFU611840,22157EXBKO,Blue,track
PMY-3580,2T1BURHE9FC806841,66764WWWJX,Orange,track
WFT 351,3TMJU4GN5EM638878,18956MZLME,Red,car
0FUI 92,1GYFK46818R087062,54168EHJTJ,Teal,track
ENL-8366,1FTMF1C88AK040689,30270OTWAZ,Violet,motorcycle
4IZ R94,2C3CDZFJ5FH324804,02990FMDIG,Teal,car
85-9958S,4T1BD1FK6EU217883,77967BWOSE,Pink,motorcycle
52J Q78,1N6AF0LY7FN488490,21214JLXTG,Aquamarine,car
IUH-070,2C3CCAEG6EH203207,05712RDYPD,Blue,motorcycle
9OD7099,WA1LFBFP4EA863634,59209BOWWM,Green,car
IRJ4061,2G4WS52J851649401,38812NDHMB,Crimson,car
199 0QS,WBAYG6C54FD439824,11227TZKBE,Maroon,track
MGN 374,WBAPT73539C686632,68599NGPQV,Turquoise,track
984 WZZ,WBASN2C55CC824945,51696DPHDB,Fuscia,car
920 LGZ,1GYS4JKJ6FR113832,32507VMQCD,Khaki,track
IXG-3377,WAUAVAFD9BN110876,57372EXCNW,Crimson,car
GA 2048,2T2BK1BA9FC768908,96926WJPQG,Teal,motorcycle
HSS 135,WAULT68E52A167472,96412CDNHL,Khaki,track
5HKQ 97,WBASN2C57DC859715,41591FUGWU,Teal,car
H 717865,1G4GC5GGXAF961771,64439FBUIU,Puce,track
29W B12,1B3CB3HA1BD400782,46617WKRYE,Crimson,motorcycle
QKL-2115,1N4AL2AP6CN572089,59568WVYAE,Khaki,motorcycle
73-28679,1N6AA0EC5FN357302,87520JSKOK,Pink,track
2BE79,1G6DM5EY7B0015909,98261WJIOX,Goldenrod,track
3KJF834,1GYS3BKJXFR886540,91252GQRXA,Yellow,car
876 BMI,WBAEN33445E935911,74600EMJHG,Pink,motorcycle
JRG 190,2HNYD18644H795488,63662IFOJF,Teal,track
ZGU-170,5J8TB4H33DL263635,61446CYJBC,Fuscia,motorcycle
609 BEW,WA1MYBFE8AD630880,96167IROLX,Aquamarine,motorcycle
12-J856,WAUVFAFR0AA967569,69256QAEGN,Maroon,track
9V 0E7TFM,WAUKFAFL4BA217561,64195GRKOT,Blue,track
39-4352N,1G4HP54K04U379373,17571VNOGX,Crimson,motorcycle
729-ZOG,WAUAH94F38N440984,57227AUYBC,Fuscia,motorcycle
0CT E37,2T1BURHE1FC872574,17985LGROF,Purple,car
BA-8605,WBA5A7C59FG143609,42516QUOZQ,Teal,car
GD-2434,WBADS33422G233428,91168FCHXU,Indigo,motorcycle
MAE 821,1C3CDWEAXCD620748,28429ZCQES,Yellow,motorcycle
5JE6549,SCFEBBAK0DG668102,98084DMXQT,Puce,motorcycle
035DR,1C4RDHEG5FC054613,81808MJGXE,Khaki,motorcycle
EG6 T4J,WBAFR1C50BD569582,41154DWFZS,Crimson,track
MDN 148,WDDJK7DA4EF813085,60417RCEVK,Fuscia,track
427-AKK,WAUKD98P69A167373,15474YOVSW,Violet,motorcycle
685VJJ,5LMJJ2H51EE692883,68583ZYSKW,Violet,track
UX 6663,1G6AZ5SX7E0279216,33102PHOIM,Indigo,motorcycle
65-L073,WAUEF98E46A038615,88510XJWMX,Yellow,motorcycle
6M 8N4WZH,KMHGH4JHXDU316163,04949HVCNU,Blue,motorcycle
L76-44F,JN1CV6EK7EM315537,30907AMLTS,Khaki,track
6IX04,JHMZF1C61FS555577,51377UQXMC,Purple,motorcycle
YAI9366,5TDDK4CCXAS031537,49116MQVGU,Indigo,car
7I BO383,3D7LP2ET9BG037978,33720BJLTM,Pink,track
127 MOD,2G4WB52K331929183,63396QOWDA,Green,car
276 NHZ,WAUFFAFL0FA668316,72825NDMVB,Aquamarine,car
W39-HNO,WBA5M4C50ED378180,97482YMHVP,Red,car
0VR1058,WBAYM1C57ED452450,22404YMKJW,Indigo,motorcycle
D78-89Y,WAUVT58E55A797211,43080XPCVY,Puce,car
2X CH591,1G6DV1EP8F0057170,25562YBEZK,Indigo,motorcycle
X12-42Y,1N6BF0KM8FN923469,88501GNESF,Pink,motorcycle
HGW-0660,2G61N5S33E9531638,58526FDCYO,Maroon,track
MOK 536,TRUDD38J981275043,51094WUYQY,Mauv,track
577-UTK,JTDKN3DP0E3587373,10539ORYGN,Violet,track
YRD-6112,1FMEU7EE0AU403177,27011KAEQZ,Turquoise,motorcycle
780-107,2B3CJ5DT7AH609841,75474OOKVH,Crimson,track
921-NNIU,WUAW2BFC1EN302489,64621VPIRZ,Khaki,car
XVX-1687,JN8AF5MR7BT677920,30119DODWC,Violet,car
FS 4755,JA32U2FUXEU917612,47631HDOFH,Teal,motorcycle
886 FKO,JTEBU5JR1C5093556,54539UOJVL,Yellow,car
ISV 533,3D73M3HL8BG514247,61999TAPVB,Teal,motorcycle
495 ISP,2C3CDYCJ7EH327393,22749FVMPP,Yellow,motorcycle
743-KJS,WBA3A5C55CF333209,88961BJIGE,Pink,car
KKG 293,3D73M4HL2AG824009,52571YLJFU,Teal,car
8MB71,3VW8S7AT3FM120196,23451TJCEZ,Mauv,motorcycle
EPI4806,1G6KD57Y97U864637,34013MTQYK,Indigo,car
63-97656,2G4GZ5GV3B9782981,47957FTOBQ,Goldenrod,motorcycle
9GXK 13,WBAKB4C56BC658566,66271XGYSA,Blue,track
LM 24090,WBAUP3C59BV461044,37248SVQFP,Goldenrod,track
BHS-5622,WBAKP9C59FD056842,90881GOCUV,Mauv,motorcycle
NBQ-4863,WAUKD98P79A872778,51749SILVI,Green,car
9F F2690,1G6AB5RX5F0221844,01632YTQRY,Mauv,motorcycle
AOS-829,2G61N5S30F9505838,90807DLJUO,Maroon,car
177TCO,3D73M3CL5BG597658,12614ZCXKU,Puce,car
70C W31,WAUEH74F26N897174,11938CGKFN,Turquoise,track
2XY3473,JM1BL1L38D1004034,93631DXDQC,Red,car
1F 78928,WAULT58E75A392104,15202DNKVY,Orange,track
809 UBB,WAU4GAFB9BN467075,53938BPNVP,Khaki,track
WCI 038,KNDMG4C7XE6761314,34023FWZNL,Aquamarine,motorcycle
FOP-4832,19UUA56733A296521,56971JUPOT,Red,track
2401 DR,WDBWK5EA5BF885913,96500CPHGX,Puce,motorcycle
BHX 924,WBAUN1C59AV584819,27790KOSNK,Mauv,car
U98 6YR,SAJWA4EC5FM252119,63845HVNUO,Maroon,car
181 BFU,JA32U2FU1DU680345,53445WMUWS,Yellow,track
106 YIJ,W04GR5EC1B1675223,53501DTTML,Mauv,motorcycle
ADU-732,1G6DF5EY7B0012860,99103NUVEJ,Violet,motorcycle
68R•376,WAUJC58E83A234682,58150ECHGM,Red,car
I56 5DY,1FBSS3BL7AD648412,44246YGGDA,Fuscia,car
2R 88330,1N4AA5APXEC139672,62384EEUIG,Pink,car
60U Z91,1G6AE5SX6F0413159,12633KZZMC,Khaki,motorcycle
220-FIX,WBAVT13516K080882,73042PEHKW,Teal,car
84-WC27,3C6JR6CT8DG182249,79980VVMYB,Teal,track
800 PML,WAUVC58E35A387765,32382YAGEK,Maroon,track
9MI 839,1G6DK5E3XC0927817,31204PBPPA,Violet,car
302FBQ,2C4RDGBG6CR596580,64065XJOTH,Khaki,car
939 7924,WAUAH74F48N981515,71631FGPBA,Purple,car
3RX4731,WVWED7AJ0DW696825,67338SQJJE,Aquamarine,motorcycle
179LU,1FAHP2DW4AG012921,67182SLEUT,Orange,motorcycle
MXS 588,1G6DX67D990527253,69829RLUQU,Pink,motorcycle
794-XFB,WBAKG1C5XDJ664191,27879YNWWM,Pink,track
ORH 676,WBAPH73589E977312,89750MWNEU,Violet,track
802 FV7,WA1BY94L27D965174,29840EVFVM,Pink,motorcycle
281 PZZ,5N1AN0NW8EN689357,77217ASFFK,Goldenrod,motorcycle
7G 8649R,5N1AA0ND8FN403924,66847QIYAY,Crimson,track
ZXS5691,1GYS4CKJXFR572244,61532OTXET,Green,motorcycle
224 NGD,5TDBK3EH3DS542781,76371HDKVB,Indigo,car
YKH-6327,5N1BA0NE2FN718800,79258MWPGL,Red,motorcycle
107-VDR,WAUGL98EX8A244235,34124DGLIB,Goldenrod,track
7-J6658,JM1DE1KY9C0032574,27608ETLDK,Yellow,track
140-BAL,JTHBE5C20B5757618,22400QHOPO,Fuscia,motorcycle
6DN G71,5GAKVCED4CJ849815,28302GONOA,Aquamarine,motorcycle
575 VZ6,2G4GU5GV7C9903611,96719TNKCJ,Maroon,track
94-DW79,WBAEJ13413A078399,08928BWYJT,Maroon,car
EEF 010,KL4CJHSB1EB436868,48748VTWRF,Turquoise,car
3FW8336,3C63DPNL3CG054073,36792DRGYA,Fuscia,motorcycle
22-R524,WBAKE5C53CE338737,56166TDASC,Purple,track
2652 XG,WBAAV33431F173805,91086FMREO,Crimson,track
226 QZB,WBAYP9C50FD131938,99911CRPDM,Crimson,motorcycle
241 RCC,WBA3A9C58FF156652,24420EITWE,Crimson,track
7NE W68,1N6AA0CJ1EN820262,15304TERJH,Mauv,track
6QY I45,1GYS3EEJ2DR357836,04264CAJBV,Yellow,car
ZYP 005,1G6AJ1RX1F0284418,97059ZMQPM,Goldenrod,motorcycle
GEX4534,3D73M4EL5BG616910,59215SXHHX,Goldenrod,track
MGS 805,WAUAFAFH4CN425523,19710KVIIA,Green,car
6D363,WBAEV33414P963717,61895CJJUJ,Orange,motorcycle
VE0 P9A,3FA6P0SU4FR254797,26638YQZKL,Crimson,car
829-221,19UUA66246A672657,86098ZUNMR,Crimson,motorcycle
304 HPU,2G4GL5EX0F9494573,93438LYKFO,Goldenrod,motorcycle
1NT N25,KNAFK4A6XF5884049,01816IQQXB,Crimson,motorcycle
7-29887,3GYFK52239G950453,22460KMGLF,Yellow,track
GDB 326,JN8AF5MR1BT990025,34838ATQWJ,Orange,car
HRA 075,WAUMGAFLXAA771465,26117IVOWV,Teal,track
08E RK3,WA1YD64B64N755016,54168EHJTJ,Violet,car
814 9RX,WAULT58EX5A670171,80426XMFNQ,Khaki,track
775-LAO,WAUDH94F28N717041,99443FNBMC,Aquamarine,car
6PM3715,JH4DC548X6S556012,77967BWOSE,Crimson,car
463 4811,WAUNF98P37A752058,21214JLXTG,Puce,car
SLF-681,SCFBF04B28G580679,05712RDYPD,Goldenrod,car
WCM 529,WBAAN37491N621593,59209BOWWM,Red,track
4JT Q75,1VWAP7A37EC606268,86489LGGLR,Indigo,track
964 IP3,5N1AN0NW2EN016306,40064ONBBL,Pink,track
YQE3024,3VW517AT4EM847125,62216RPJRT,Crimson,track
4Q D4822,KM8JT3AF3EU074217,27952AFDKS,Indigo,car
04Z 2157,JTHBF5C25D5107358,32507VMQCD,Turquoise,track
H96 7QF,WA1VMBFE1AD547355,57372EXCNW,Puce,car
QBV C27,JH4CU2F86DC441869,77209FYEAY,Crimson,motorcycle
HSH 428,JN8AS5MT1AW345380,96412CDNHL,Red,motorcycle
I61 6TY,19XFB2F56EE899710,79597KCPEF,Crimson,motorcycle
TV2 2438,1N6AA0CC2EN843745,59568WVYAE,Green,motorcycle
8V 7131S,1FTWW3A58AE972435,90148LJONU,Green,car
7B 77677,5UMCN93412L079094,74600EMJHG,Puce,track
5HGH 47,1N6BF0KL7FN818347,63662IFOJF,Teal,car
879-UCD,5TDBK3EH2DS558146,50487BOUSJ,Fuscia,track
MDV-5677,YV4902BZ0C1670075,22341UYFKA,Maroon,motorcycle
732-WLK,JH4CU2F68EC780925,31154MILFA,Orange,motorcycle
3LZR577,WAUBVAFA6AN419276,17571VNOGX,Khaki,car
9Z 1026N,1YVHZ8BH0A5530171,26549MRDPI,Maroon,car
ULI-9187,5TFBY5F11AX123524,17985LGROF,Indigo,track
580-XRQ,5J6TF1H39CL762823,36970UEOWD,Puce,track
UOS 611,WAUWFAFL8CA551840,79679IYBAE,Purple,track
NXN2628,5UXFB53564L765936,28429ZCQES,Purple,car
4O 96624,1G6DN57P790978255,90007HVZZC,Indigo,track
GZD-0194,WBA4C9C53FD767683,81808MJGXE,Orange,track
5-B4621,WBA3N3C55FF063038,41154DWFZS,Aquamarine,motorcycle
F47-ZQW,4T1BK3DB8AU921727,11492FUWAO,Khaki,motorcycle
741 1KT,WAUVC68E45A658807,68583ZYSKW,Yellow,motorcycle
82-94022,WBAKG1C50CJ075018,99586HDGOW,Puce,car
OHP 597,JM1CW2BL5C0136739,33102PHOIM,Violet,car
QUO 439,19XFA1E69AE780177,70447EUQNV,Puce,car
6WUL 89,KL4CJFSB1FB046858,88510XJWMX,Mauv,car
LIK-145,WAUBF78E77A148745,04949HVCNU,Aquamarine,track
9-5756R,WBAEN33493E880823,30907AMLTS,Teal,motorcycle
8NE 465,WAUDFAFL0FN642380,10519ECDXP,Fuscia,track
W99 1LZ,5N1AA0NC0FN141775,24362GAAMP,Goldenrod,motorcycle
51KH4,5XYKT3A64EG285291,71475FWVQK,Yellow,track
7113 FH,WAUDG98E05A085499,76895SOEJY,Teal,track
3IN S20,1N6BF0KLXFN420517,72825NDMVB,Blue,motorcycle
185 8AV,WUARL48H78K868905,35898LSIFX,Violet,motorcycle
TQ5 8063,1N6AA0CH5FN080326,35134XPIWK,Indigo,car
KXX 551,1GKS2GEJ3CR229130,55526YCNNL,Teal,motorcycle
OAB 115,2B3CM5CT3BH703077,94067FKYKZ,Yellow,car
OPT-567,1D7RW3GK1BS847508,43080XPCVY,Maroon,track
XR 37057,WAUJC68E35A795297,25562YBEZK,Puce,motorcycle
SEJ 2186,SCBZB25EX2C065587,88501GNESF,Mauv,motorcycle
09-CG69,KNDMG4C79B6726596,58526FDCYO,Pink,motorcycle
5-3602I,WAU4GAFB9AN292406,27011KAEQZ,Turquoise,motorcycle
U47-ZFZ,WAUSH78EX8A041930,75474OOKVH,Blue,car
IZQ 3134,WAUVT68E82A489127,47957FTOBQ,Goldenrod,motorcycle
264-FFN,1FBAX2CM2FK452346,62766JSYLC,Goldenrod,car
42U E17,WAUVVAFR6AA969376,01113NKLFK,Mauv,motorcycle
6V272,JM1NC2SF7F0341463,66271XGYSA,Crimson,car
51F B29,JTEBU5JR6B5079151,37248SVQFP,Green,car
998 UEB,WBAYF8C58FD054037,56414TXOMM,Teal,track
F57-DQU,WDDLJ6HBXFA404953,96905DGNXV,Red,car
WFV 438,JHMGE8G20AC691888,02228NOJUO,Purple,car
7NV 317,3D73Y4CL4BG593952,18796ERGBK,Orange,track
AIT 625,2T1BURHEXEC294165,90881GOCUV,Pink,motorcycle
12G 734,2G4WD582791572164,92744LJUVI,Red,car
VB 8529,1G6DV57V380242278,51749SILVI,Aquamarine,car
4K089,3C6LD5ATXCG893955,35092HVVHN,Maroon,track
OX-1985,JTDBT4K38A1912210,84468GNBMX,Orange,track
XDR 244,1FTKR1AD2BP706318,01632YTQRY,Puce,track
900-ZHA,KL4CJESB7DB654441,74669OTCAS,Khaki,track
0F 6036O,JN8AZ1MU9CW964728,60202OATAC,Teal,car
7401 UA,JTHBE5C25D5281207,08632RNFSU,Blue,motorcycle
ZVT-099,2T2BK1BA1CC379031,10730DSLOA,Violet,motorcycle
249-BUW,1HGCP2E70BA202989,11938CGKFN,Crimson,motorcycle
508U,1G6KS54Y94U629449,01069YZYOM,Violet,track
793 OJT,1FA6P0G78F5629824,53938BPNVP,Yellow,car
AQ9 H1X,WA1GFCFS7FR651308,71238ESJEJ,Teal,track
3393,SCBLF34F84C418454,34023FWZNL,Crimson,motorcycle
2-94366I,1GD020CGXBF669066,75794KDEYY,Aquamarine,car
A56-HII,5GAKRBKD3EJ562469,65431BGUOK,Crimson,car
3-54356V,YV440MBK0F1871312,27790KOSNK,Green,track
9-79815,YV1982BW5A1481463,63845HVNUO,Puce,motorcycle
DNB O58,1FMCU0C72AK178436,59647CBAND,Teal,motorcycle
841-JFAT,WAUPEBFM3DA250478,40292GLJYO,Crimson,track
8L 9X9FLZ,WAUAFAFLXBN834094,53445WMUWS,Yellow,track
XLN4969,WBADT53403C844754,60338HTOHB,Blue,track
QIH 409,5N1AA0ND1EN685211,81920YVSAE,Goldenrod,track
LKM 657,4T1BF1FK8EU828332,08961QQSUB,Green,motorcycle
749ONN,5GAKVDKDXDJ725138,23876VQUMS,Goldenrod,car
9OO 663,SCFKDCEP9EG581244,05760HYIEE,Mauv,track
618HNP,WAUHGAFC4EN201591,62384EEUIG,Maroon,track
U81 3VZ,1G6DL8EY5B0636683,31204PBPPA,Red,car
JRM 387,1B3CB5HA7BD484229,56779CCSNT,Green,motorcycle
FDF1234,1GYEK63NX3R870360,39648CFKHY,Aquamarine,track
63DL626,JN1EY1AP0DM669757,71631FGPBA,Mauv,track
ISN 788,WBA3C3C52DF328663,98550RDWNQ,Blue,track
57-Y093,WAUKF78E68A343852,67338SQJJE,Goldenrod,motorcycle
561H0,WAULD64BX3N257915,32209PLLVW,Yellow,track
BU-6680,5FRYD3H20EB006533,01714QMQHX,Mauv,car
VPY1682,2C3CDZAT6FH101793,15822YJLBV,Red,motorcycle
927 5XR,YV4612HK4F1855261,83776IGTGU,Pink,car
0-5724W,KMHDB8AE4AU198480,93608NWYHE,Maroon,car
347 CY4,3D73Y4EL6BG933437,29840EVFVM,Blue,car
97-86218,1C4NJCBA2FD978463,64856ZCAXS,Fuscia,motorcycle
9295,WBABN53431J866015,17544BCCTL,Yellow,motorcycle
509 UVM,3C3CFFCR6FT857142,94539KOZBG,Puce,track
531AJG,SCBCC41N39C372324,53430LBGSB,Aquamarine,car
MKO-9627,5GADX23L06D863320,26215FUNML,Turquoise,track
HJC 040,4A4AP3AU8FE414537,76371HDKVB,Yellow,motorcycle
24E T56,1FTWW3B51AE707080,88568FGBBK,Turquoise,motorcycle
ZOB-9687,JN1CV6AP7AM776040,79258MWPGL,Aquamarine,car
844-IEF,5N1AR1NB2BC986199,09790NICKX,Purple,motorcycle
QHM 493,WBAUC735X8V836810,25464WPLFL,Yellow,car
93-DJ50,WBA3D5C50FK668221,13459QZFNX,Yellow,car
QL 5205,WAUGGAFC9DN480529,58957MHLES,Yellow,track
TGC 358,1FTWW3B51AE350029,22400QHOPO,Violet,track
150 ZIG,1G6KD57Y14U071957,28302GONOA,Violet,motorcycle
KFC 617,1GYS4BKJ8FR712821,96699ZLXZH,Indigo,track
PP 5921,1FTMF1CW3AF055916,73053NCNHC,Teal,car
319-TIH,WAUKG78E76A239087,96719TNKCJ,Khaki,car
SEC-295,4T1BD1FK5EU329476,68606YKXRE,Pink,motorcycle
QDV-8658,WAUAFAFL9CN538226,12692VPJYK,Goldenrod,track
9EJE 13,1G6DM8EV5A0381485,24420EITWE,Turquoise,car
BLA-2552,WA1LFAFP2DA286207,15304TERJH,Red,car
885 9SN,WAUGL98E08A650511,97059ZMQPM,Blue,car
23HE5,WAULC68E63A960538,61651XANQI,Violet,car
6YT 049,WAUHFAFL3BA986577,61895CJJUJ,Violet,motorcycle
7K YC112,1YVHZ8BH9B5687165,26516PSQAC,Khaki,motorcycle
GQL 281,JM1BL1H35A1200114,88149HIAOX,Yellow,track
ALG-649,WBA6B2C53ED761335,30260LXSQG,Turquoise,car
7-9762N,1FTSW2A55AE558182,93438LYKFO,Aquamarine,car
0X 8U0BCJ,2HNYD18223H819881,76134WVQWH,Yellow,track
98I T78,1J4PN2GK4BW556874,22460KMGLF,Purple,car
920 NO9,4JGCB2FB1AA530707,34838ATQWJ,Red,track
YKZ 448,WDDHF2EB7BA231150,26117IVOWV,Khaki,car
071-FDW,WBADT63433C392398,18956MZLME,Goldenrod,car
155470,WAUSH78EX8A754827,03012EEHXC,Green,motorcycle
71-5958U,1GYS3JEF8BR613480,54168EHJTJ,Teal,track
301 YOS,3C4PDCBB8CT699307,02990FMDIG,Turquoise,track
4-A2654,WAUML44D92N342806,80426XMFNQ,Green,motorcycle
HMI-3217,WAUEH94F98N159029,17938VKVHW,Orange,track
9ZU 177,WAUMFBFL1BN958239,21214JLXTG,Puce,car
456 BUU,3VW507AT3FM208531,59209BOWWM,Blue,car
8BR 346,1G6YV36A685520971,36354QYTKE,Fuscia,motorcycle
806-IYA,WAUDG74F45N791919,40636CIOKK,Mauv,motorcycle
34-TB96,JN1CV6EK8CM401968,13805BGLCX,Fuscia,car
829 CR2,5N1AA0NE2FN813420,57372EXCNW,Yellow,car
382Q,2HNYD2H84DH122918,65719NVUNR,Red,track
4J 70004,WBXPA73464W376419,77209FYEAY,Goldenrod,motorcycle
W20-KPT,2C3CDXDT5CH747709,96926WJPQG,Yellow,track
QEI-0537,WAUMFAFH1FN669597,41591FUGWU,Goldenrod,motorcycle
JGM-3687,1GT02ZCG4EF953189,64439FBUIU,Pink,track
9-3689U,1G6KD57Y21U497300,90327VJIXZ,Puce,car
562-882,SALWR2VF4FA937650,79597KCPEF,Blue,car
79P 8449,WBA3B9C51EP394283,98261WJIOX,Orange,motorcycle
TZS 355,1HGCP2E77BA297647,91252GQRXA,Crimson,track
003-CZGF,1FTEW1CW2AK881801,61812ZTTXW,Fuscia,track
TXP 119,2G4GL5EX6F9486817,50487BOUSJ,Khaki,motorcycle
GO2 A1M,JH4CL96856C913090,61446CYJBC,Maroon,track
5V 20870,19UUA66267A380736,96167IROLX,Fuscia,car
4XU T07,2FMDK3AK9DB403081,69256QAEGN,Maroon,car
3-29745B,1GD11ZCG3DF060626,11280NIIMM,Indigo,car
IDG3512,3C4PDCDG5ET574485,26549MRDPI,Green,car
5CR7462,2G4WS52J111242921,57227AUYBC,Yellow,car
05-8899A,1C3CCBAB3CN195314,17985LGROF,Aquamarine,motorcycle
463 HCR,WAUVT68E35A301182,04580SGTWO,Yellow,car
5K 9958I,2T1BU4EE4BC179936,36970UEOWD,Mauv,car
131407,4A4AP3AU0FE237966,79679IYBAE,Green,car
630 RYU,SALAG2D41DA176332,98202NZZPA,Orange,car
7-93686,1G4HR54K624400024,28429ZCQES,Teal,track
181 IOX,3N1CN7AP3EK003559,90007HVZZC,Mauv,car
76H 074,4USBU335X7L311881,27601ACGVR,Aquamarine,track
JBU-719,1G6AJ5SX6F0185983,15474YOVSW,Mauv,track
260 0787,3N1CN7AP1DL682210,28617NGTFX,Aquamarine,car
FKS5798,WAUCFAFC1DN238061,68583ZYSKW,Puce,motorcycle
XMM 522,3FAHP0HA2AR715865,70447EUQNV,Goldenrod,car
934 OZH,WAUDH78E56A014219,82191KQKGZ,Blue,motorcycle
672 XTW,5GAKVDED9CJ175537,04949HVCNU,Indigo,motorcycle
38EE0,1G6DM5EG6A0641361,06475DZHFU,Blue,motorcycle
8XH D17,5FRYD3H49FB298931,21385PZSXE,Orange,car
013 GQW,JTDKDTB35E1200640,40164WNEOG,Red,car
KIT-7646,JN8CS1MU2DM359279,01113NKLFK,Purple,motorcycle
3HI 498,3D7TT2CT0BG754090,10706QTEGV,Yellow,car
953CAG,JM1NC2JF2D0740490,66271XGYSA,Indigo,car
UFA6995,JH4CL95876C260344,37248SVQFP,Indigo,motorcycle
1J 5086X,JHMFB4F27CS074074,96905DGNXV,Red,track
IDU 377,WAUKF78E86A544018,28607PJGVG,Crimson,motorcycle
47Z 6497,WBA4B3C58FD909588,27944JPSLB,Orange,motorcycle
6TG2820,19UUA96259A281765,92744LJUVI,Mauv,car
126-NTO,WAUCVAFR5BA372521,62599TDXPF,Indigo,track
ZHL 199,1GTC5MF97C8647786,35092HVVHN,Maroon,motorcycle
FJF 835,1GYFC53289R173618,01632YTQRY,Blue,car
252 JNU,4USBT33493L625168,47106DGXAW,Orange,car
78-OS09,3G5DA03E44S108780,20001CNUCM,Maroon,motorcycle
OVI V67,2D4RN4DE8AR885192,12614ZCXKU,Mauv,motorcycle
H79 1HA,5N1AT2ML9EC492511,15202DNKVY,Turquoise,car
GAB-6707,SCBFC7ZA1EC850055,34023FWZNL,Violet,motorcycle
8448 ED,WBALW3C5XCC485753,73312ULUTY,Goldenrod,track
ABY-4730,WA1YL54BX5N693635,27790KOSNK,Purple,track
2K 5J6SHE,5UXWX7C5XEL913388,60338HTOHB,Mauv,motorcycle
606-DYS,1FTEW1CM6EF748214,81920YVSAE,Teal,motorcycle
OIE-8689,WUADU78E68N990247,10286GPFAJ,Purple,track
9-95446,JH4KC1F57EC751187,49477YFEAB,Crimson,motorcycle
AHY-8188,2C4RDGEG0DR607215,53501DTTML,Khaki,track
031-WWS,WBA5M4C50FD497994,99103NUVEJ,Orange,car
OPZ-371,5N1AA0NC4AN111235,58150ECHGM,Orange,motorcycle
LXS-2300,WBABS53472J714183,23876VQUMS,Turquoise,motorcycle
MLN 363,WAUGL78E67A094806,44246YGGDA,Crimson,motorcycle
QXE 489,JN8AS5MT5BW949113,22434JOWKH,Purple,motorcycle
773 VBA,1VWAH7A31CC833336,62384EEUIG,Puce,car
7KG5595,KMHCM3AC2BU434021,38793DFDZW,Indigo,car
BW1 3234,TRUWT28N231591918,73286WMKRD,Turquoise,car
04UV0,5N1AR1NB3CC384686,10045HFDKS,Goldenrod,track
GBZ 8738,WBALM53509E136065,31204PBPPA,Khaki,car
G23-RSI,WAULC68E12A193745,95651NOXXZ,Mauv,track
55N G71,WAUJT58E83A657844,71631FGPBA,Khaki,motorcycle
734 JXY,3A4GY5F92AT543245,67338SQJJE,Pink,car
647BJT,1GYUCCEF9AR414425,67182SLEUT,Violet,motorcycle
97Y Z17,1HGCP2E41AA845713,05321NYVGE,Purple,motorcycle
QXX2513,WAUK2AFD5FN652642,83776IGTGU,Indigo,motorcycle
740E,1N6AA0CH6DN865984,69434QYOWH,Crimson,track
PY 1470,WAULFAFR9DA448015,32822OQGAB,Indigo,track
0PH R91,JTDKDTB36D1811629,93608NWYHE,Puce,track
578-ZIG,SCFFDAAE2AG440326,48718CCRSJ,Pink,motorcycle
0281 HA,WBAWB73559P395248,81530MDQXF,Violet,track
6-Z8779,5UXFG83589L945039,66847QIYAY,Goldenrod,motorcycle
0K 3Z9TWZ,1GTN1TEH5FZ194905,26215FUNML,Yellow,car
3-58615,WBANN73546C079250,61532OTXET,Goldenrod,track
IYU-437,WA1DGAFE1BD654243,79258MWPGL,Fuscia,motorcycle
586 WMG,1G4HD5EM7AU181555,35636YSGBO,Maroon,car
0-0073G,WAUEFAFLXCN010518,09790NICKX,Indigo,car
CCA 785,WA1LMBFE0ED624987,79602JNQWY,Yellow,car
DPQ-862,WAUKF68E25A342462,81271PUFQU,Crimson,track
3-2260K,WBAAV534X1J212849,13459QZFNX,Red,car
E80-MLA,5GAKRAKDXEJ300216,48748VTWRF,Goldenrod,motorcycle
GQU-8889,4T1BD1FK5FU000522,36792DRGYA,Crimson,car
7Y 8I7KEQ,5NPDH4AE5CH263023,56166TDASC,Turquoise,car
OMQ-0373,3D7LP2ET7BG232266,93627VLEBL,Goldenrod,car
6UEH 81,NM0KS7AN0AT490233,68606YKXRE,Puce,track
5Q 8041F,VNKKTUD32FA610603,91086FMREO,Crimson,motorcycle
196-IJH,JN1CV6EL6EM261933,12692VPJYK,Yellow,track
371 TSX,JN8AS5MT9CW474549,75380KXMRY,Turquoise,car
297-059,5N1BA0ND7FN453041,39641ZUOIF,Khaki,track
7N U0957,WAUHF98P88A693703,97059ZMQPM,Puce,car
5F TX621,5GAKVBKD6FJ359895,61651XANQI,Purple,motorcycle
65-XC64,1G6DC67AX90294081,88149HIAOX,Maroon,track
7-1694W,JTMHY7AJ1A4696213,90187SQARJ,Crimson,motorcycle
487-TDM,5UMDU93446L522206,66764WWWJX,Yellow,motorcycle
686 FMH,YV1612FH6E1018000,08844VWKAR,Goldenrod,car
YU-2902,1C3BCBEB6EN284626,24888OHNWO,Goldenrod,car
9T 72900,WAUCVAFR0AA948014,76134WVQWH,Teal,motorcycle
378 3HL,19UYA42763A545282,01816IQQXB,Green,track
8I UY907,W04G05GV0B1811687,03012EEHXC,Khaki,car
C15 4EE,WVWAN7AN8EE314997,99443FNBMC,Khaki,motorcycle
01A 9646,1N6AA0CC8FN929160,46067GSLFZ,Maroon,car
916 NUU,1G6DK67V280747811,17938VKVHW,Pink,motorcycle
G70 3WW,1G6DC1E39E0589643,21214JLXTG,Blue,track
21HT781,5J6TF1H33FL898840,05712RDYPD,Aquamarine,car
7CZT129,1FTWW3B5XAE569779,59209BOWWM,Khaki,car
WQY 234,WBADT33413G602200,36354QYTKE,Mauv,track
LD 15596,WBSDE93412C432337,40636CIOKK,Pink,motorcycle
146-GLZ,2C4RDGDG9CR827971,90228VRHSD,Green,track
BNU F71,WA1CKBFP1AA424297,86489LGGLR,Violet,track
2-92597,5N1AA0ND8FN762190,62216RPJRT,Blue,track
KLI 161,5FNRL5H24CB480700,51696DPHDB,Maroon,track
05L•150,WAUGL98E98A343662,32507VMQCD,Violet,car
975 LWO,WBAEW53435P895947,57372EXCNW,Teal,car
853X,JN1CV6EL9FM824006,77209FYEAY,Teal,track
4C T7368,WAUHFAFL3AA889300,41591FUGWU,Teal,track
9ZR H83,WA1CFAFPXBA393969,92659KLGRG,Pink,motorcycle
ABV-999,JN1CV6AP6BM189779,64439FBUIU,Teal,motorcycle
4JL 298,1FMEU2DE5AU067370,14709DXNZN,Orange,motorcycle
MDG-2298,SCFBF04B68G965419,18086MDFGS,Aquamarine,car
0KG M67,1G4HP57M89U115337,49046RWQRA,Orange,car
HPM8644,WBA5A5C50ED472879,98261WJIOX,Turquoise,motorcycle
91L•279,KM8JT3AC9AU718562,90148LJONU,Blue,motorcycle
IJO-087,1N4AA5AP8DC629901,91252GQRXA,Indigo,motorcycle
626 JMF,WBA3B9G51FN374915,74600EMJHG,Puce,motorcycle
IDE Q02,WBAYA6C57FD711994,50487BOUSJ,Puce,car
AVO-8514,1GYS4AEF5ER248273,22341UYFKA,Khaki,car
MFN 112,WBAPM7C57AA006504,96167IROLX,Fuscia,motorcycle
457 OGY,4T1BF3EK8AU796585,69256QAEGN,Mauv,motorcycle
733-DBS,2T1BU4EE4DC639602,94189TSEVP,Crimson,motorcycle
K93 5FY,WAUAF98E47A516709,13893BSZNE,Violet,motorcycle
HUX5388,1FTEW1CF4FK843445,26549MRDPI,Yellow,track
111-KOY,WAUGFAFR9DA815836,36970UEOWD,Orange,track
981 ZYJ,WVGAV3AX7DW867249,98202NZZPA,Pink,car
ZDQ 601,WA1DGAFEXBD214229,28429ZCQES,Crimson,car
LGO 446,1G6DM57T170038627,81808MJGXE,Violet,track
KBY 511,2HNYD18662H042591,41154DWFZS,Orange,track
DZT 883,WVGAV3AX3EW244230,27601ACGVR,Khaki,motorcycle
715-ZRY,5FRYD3H23EB350440,60417RCEVK,Orange,track
3RM K37,1J4PN2GK3AW237139,18394GHJXY,Pink,car
JFK4635,JTEBU5JR9F5721576,33102PHOIM,Crimson,motorcycle
15-F068,3G5DA03E35S268358,70447EUQNV,Pink,car
566-NQN,3N1CN7AP0EL134426,42152KRUMN,Mauv,motorcycle
6-8996Z,WAUWGBFB6BN439510,30907AMLTS,Maroon,motorcycle
2A 3C0PYJ,1FAHP2D84EG951221,51377UQXMC,Pink,motorcycle
95-S381,19UUB2F51FA753888,49116MQVGU,Orange,track
SCY 097,1G6DW677260340123,66675VNMUO,Mauv,track
NKU6307,3N1AB7AP0FL110564,76895SOEJY,Khaki,track
L01 9CC,5UMBT93528L466627,72825NDMVB,Indigo,car
201 0SP,3VW517AT9EM748459,09892OETEV,Aquamarine,car
VX 65339,WAUVT68E25A267235,97482YMHVP,Aquamarine,motorcycle
159 YCL,1FTEX1E88AK407492,84427PGRZG,Blue,track
3LH0223,19VDE1F7XEE496767,52571YLJFU,Yellow,car
A04 3IE,WDDNG7DB0DA170290,47957FTOBQ,Teal,track
IQM-226,1N4AL3AP6DC003939,01113NKLFK,Goldenrod,track
DP 0811,SCBDR3ZA6BC440555,66271XGYSA,Red,motorcycle
B74-EMZ,SALSF2D47CA605981,56414TXOMM,Turquoise,motorcycle
355 8EA,WVGAV7AX7FW157598,02228NOJUO,Yellow,car
598 AZC,2FMHK6DTXAB756268,14852RMILI,Khaki,car
M93-93F,JN8AS5MT4CW219159,18796ERGBK,Maroon,car
0NJ 213,JN1BJ0HR7FM310305,90807DLJUO,Blue,motorcycle
58JP0,1FMJK1J54AE468129,20001CNUCM,Red,motorcycle
438029,JTHCL5EF5F5375942,74669OTCAS,Violet,motorcycle
5-76967,1FMJK1H5XCE312184,60202OATAC,Purple,motorcycle
UOU-842,2GKALMEK6D6749528,12614ZCXKU,Khaki,car
OU2 M5A,5N1BA0NC0FN944820,94575NAUET,Crimson,motorcycle
3TN B66,19UUA65625A560555,76788TRVDY,Goldenrod,track
900-YHQ,1FM5K7B84FG697662,71238ESJEJ,Puce,motorcycle
923-GJDP,JN1EY1AP7EM336232,28811ZYSRG,Blue,car
Z97-UJS,WVWAP7AN3DE129250,73312ULUTY,Puce,track
6-66210,JM1NC2EF3A0819561,27790KOSNK,Goldenrod,track
8F713,WBAYP9C59DD674704,37467VPAWA,Turquoise,motorcycle
NFW-9627,19XFA1E31BE374465,53445WMUWS,Indigo,track
5-1620E,5UXFG8C59DL302112,60338HTOHB,Mauv,motorcycle
87I 572,WAULT58E82A077923,81920YVSAE,Turquoise,car
575-052,WUATNAFG2CN000200,44246YGGDA,Maroon,motorcycle
706 3600,JN1CV6FE0FM380210,62384EEUIG,Pink,car
251 MRD,SAJWJ0FF9F8054282,38793DFDZW,Purple,motorcycle
367 UY1,TRUB3AFK0C1163993,73286WMKRD,Violet,track
3JV 444,YV4902DZ8D2163451,79980VVMYB,Blue,motorcycle
505 TXG,SCBCP73W38C615012,31204PBPPA,Green,motorcycle
666 HTA,WVWAN7AN0EE716982,56779CCSNT,Blue,car
75OC6,1YVHZ8BH5D5484874,95651NOXXZ,Orange,car
C03 2XV,2C3CCAAG1CH606322,39648CFKHY,Turquoise,track
0OC 603,2C3CCAJG7EH317450,71631FGPBA,Blue,car
HGJ 783,5N1AA0NC5FN483254,98550RDWNQ,Blue,motorcycle
2-49570,WAUEL74F35N167089,07267DLTLH,Pink,track
384 UOI,WA1AM74L99D676081,67182SLEUT,Khaki,track
6I 30651,1J4NF1FB2AD183389,32209PLLVW,Indigo,motorcycle
5OA 432,WP0CB2A83CS481359,34875VFWSA,Indigo,track
KIL 377,WAULFAFH9EN711234,58104HOATM,Teal,motorcycle
7AO 606,JA32U1FU5DU140815,18821PMCLI,Crimson,motorcycle
464L,1FTFW1E81AF118020,32822OQGAB,Purple,car
20-X454,1C4RDHEG3FC860031,93608NWYHE,Purple,track
0-P8239,4USDU53407L284203,48718CCRSJ,Pink,car
L18 9BR,JA32U1FU7AU397521,75203HECSL,Green,car
KLW 747,1GYS4LKJ7FR040403,81530MDQXF,Teal,track
660 3DC,WAUDK78TX8A942661,17544BCCTL,Khaki,car
1-K7220,JM1DE1KY9E0190660,53430LBGSB,Mauv,motorcycle
LYM 191,JH4NA21691T628347,26215FUNML,Mauv,motorcycle
NGE-8186,WVGAV3AX4DW064303,79258MWPGL,Pink,motorcycle
396-UNI,WAUKF78E27A052876,35636YSGBO,Puce,motorcycle
7-0261X,WBA3B3G51EN330439,25464WPLFL,Goldenrod,motorcycle
F 996293,1G6AE1R36F0351872,73053NCNHC,Indigo,car
NIQ-0296,3C4PDCBB1CT429349,48748VTWRF,Aquamarine,motorcycle
788 6NV,JTEBU5JR9A5375344,93627VLEBL,Fuscia,motorcycle
73B•578,2FMGK5B84EB128281,12692VPJYK,Purple,track
515 5161,KMHGC4DE8AU512775,39641ZUOIF,Red,car
0Z 05228,3N1CE2CP0EL554333,61651XANQI,Yellow,track
QJT C42,3GYFNAE30DS279740,07764LBAXP,Goldenrod,motorcycle
HUI 057,WAUJF98K39N949505,26638YQZKL,Green,car
QK8 2563,SCBZK22E02C010604,86098ZUNMR,Mauv,track
RBB 901,3VWF17AT5FM432126,66764WWWJX,Turquoise,track
182M,1GD12ZCG3BF119040,80404UNYAY,Puce,track
STY-507,JN8AF5MR1ET541870,93438LYKFO,Indigo,motorcycle
EXU-1189,1FMJK1JT3FE387662,24888OHNWO,Violet,track
46-7254L,KNALU4D46F6508238,80426XMFNQ,Crimson,car
OH 4374,WA1DGBFP0DA120646,99443FNBMC,Goldenrod,track
KD-2612,WAUDF48HX7A251255,17938VKVHW,Teal,motorcycle
XSQ 940,WAUAT48H55K391832,21214JLXTG,Orange,car
H28 9KQ,1G4GG5E30CF663429,05712RDYPD,Green,car
V 678591,WBABD33435P247148,59209BOWWM,Green,track
324-NPF,WAUHFBFL3AN925534,52316ODVUI,Turquoise,motorcycle
1QCZ466,WAUGL98E67A643402,98264UNIZW,Yellow,car
HNL 498,1G6AB5SX7E0472793,38812NDHMB,Teal,track
BGT-8561,WA1CV74L57D556491,90228VRHSD,Crimson,car
701747,2G4GU5GV8C9141874,11227TZKBE,Khaki,motorcycle
4-18231P,WDDGF5EB7AA545523,86489LGGLR,Puce,car
VSX-185,WAUAVAFD6CN186718,40064ONBBL,Orange,car
3VY 558,KNDJT2A11B7187628,51696DPHDB,Puce,track
981VRC,1GD422CG5EF926037,57372EXCNW,Goldenrod,motorcycle
F33 0BX,JTDKN3DPXE3667943,77209FYEAY,Red,motorcycle
870EW,3D7JB1EP4AG437285,98366HVUNT,Green,track
AGG8389,2C3CDXFG8FH623289,96926WJPQG,Goldenrod,motorcycle
10GW101,3VW1K7AJ4BM424745,96412CDNHL,Orange,motorcycle
5-6003A,1G4GC5G31FF561845,64439FBUIU,Violet,track
77LQ8,ZHWGU6AU8CL907063,90327VJIXZ,Purple,track
535 IK2,1N6AA0CC3DN935011,14709DXNZN,Khaki,car
612 JSE,WBADW3C51DJ067261,18086MDFGS,Turquoise,car
EX2 9328,3D73Y4HL0BG757352,49046RWQRA,Puce,track
93C 2845,1GTN2TEHXFZ051154,59568WVYAE,Yellow,track
W21 7IC,WAULC58EX2A189526,87520JSKOK,Fuscia,car
73-AR24,2C3CDXCT1CH298885,74600EMJHG,Red,track
172 LQS,WAUVT58EX3A275719,61446CYJBC,Red,car
CQ 88787,1GYEK63N12R402063,22341UYFKA,Yellow,motorcycle
QOJ 407,JTHKD5BH9C2513672,96167IROLX,Puce,motorcycle
L98 2ER,JTEBU5JR7B5056915,64195GRKOT,Pink,car
2520 WF,WVGAV7AXXAW578661,13893BSZNE,Violet,car
221-LKD,WAUCH74F49N871221,26549MRDPI,Yellow,track
H13 6QA,WBAEP33422P391600,04580SGTWO,Khaki,motorcycle
ZLF 641,JH4KB16608C935208,36970UEOWD,Green,track
SZJ 592,3FA6P0D95DR725491,79679IYBAE,Turquoise,motorcycle
H84 5NZ,1N4AL2AP5BN205652,91168FCHXU,Mauv,car
268-718,1GYEE637390838405,98202NZZPA,Turquoise,track
9XP E52,WAUGVAFR8CA515254,28429ZCQES,Goldenrod,track
951 NCT,3C4PDDEG6ET668914,98084DMXQT,Goldenrod,track
6-11208,YV4902DZ0D2604439,65799IZDMX,Yellow,car
8380,2FMDK3GC0AB463939,81808MJGXE,Violet,motorcycle
05-J219,JH4DC53895S057184,41154DWFZS,Teal,track
0WN V61,1C6RD6FK7CS429630,11492FUWAO,Puce,track
54QX5,WAUAKAFB0AN605408,68583ZYSKW,Red,track
643 APQ,WA1LMBFE7ED333354,42152KRUMN,Maroon,car
1OU8194,WBASN4C59AC090559,30907AMLTS,Indigo,track
0DX5658,WBAAV33471F680481,06475DZHFU,Teal,track
937 IUU,1C3CDZBG2EN229682,49116MQVGU,Red,motorcycle
2557,JM3KE2BE9E0723181,71475FWVQK,Violet,track
6G P8070,1GKS1HE05DR558090,76895SOEJY,Khaki,track
150-AIT,1FTEW1CM6CF294267,33720BJLTM,Pink,motorcycle
ALK 807,WBAUP7C56AV652944,46712WLLKG,Maroon,motorcycle
6-W9864,WP0CB2A83CS796565,00326DAIRN,Turquoise,track
721 EGT,1G6DA8EG0A0702911,35898LSIFX,Red,track
TLB 614,WDBSK7BA6CF242406,22404YMKJW,Crimson,motorcycle
KJJ 310,1G6DK5EV6A0136747,94067FKYKZ,Green,track
5YOQ 35,1C3CDFBB2FD490546,43080XPCVY,Teal,track
025 0PJ,1D4PT5GK9BW797300,25562YBEZK,Red,motorcycle
918 XET,JH4DC53033C924712,82668RTLKW,Pink,track
LWY 178,WAUEFAFL4BA470926,21385PZSXE,Goldenrod,car
MCO 747,5N1AA0NCXCN074694,40164WNEOG,Aquamarine,track
VSX 302,4T1BK3DB6BU079598,88961BJIGE,Pink,car
967 XAQ,WA1DGAFP7EA158502,52571YLJFU,Aquamarine,car
7QY8840,1G4GA5GC7BF484320,23451TJCEZ,Indigo,motorcycle
50K 0105,WBAYF8C57FD395865,47957FTOBQ,Khaki,track
6HWY 41,YV4952CY9C1743595,01113NKLFK,Pink,car
315YCH,1N6AA0CHXFN814989,10706QTEGV,Aquamarine,motorcycle
HAB 064,WA1WKBFP2BA598314,37248SVQFP,Fuscia,track
086 VYW,5N1AA0NE5EN367889,02228NOJUO,Fuscia,motorcycle
43-19624,WA1EY74L48D719777,27944JPSLB,Green,track
TIR 293,WAUJC68E05A754366,91840ABVMY,Green,track
9NT56,WAUKF98E26A618870,92744LJUVI,Fuscia,track
VVT-313,3D7JB1EK4AG160125,47106DGXAW,Orange,motorcycle
3517,WAUEV94F98N758716,08632RNFSU,Teal,track
BJ 72028,1G6DP577960028596,11938CGKFN,Green,track
LZL-2657,WAUFFAFL9AN472098,01069YZYOM,Goldenrod,motorcycle
1BG S96,WAUJT54B03N215743,93631DXDQC,Teal,track
033DT,JTHBP5C27C5408628,56483FSLNP,Green,motorcycle
4V L9931,2G4GV5GV4D9943837,15202DNKVY,Orange,car
YLX-3258,WP1AE2A25EL999637,34023FWZNL,Fuscia,car
5KH 922,1FTKR1AD5AP780914,28811ZYSRG,Aquamarine,car
05-IF75,2C3CDYCJ1EH491111,75794KDEYY,Khaki,track
08R 559,WAU4FAFL5BA599026,73312ULUTY,Teal,track
VMH 708,1G6DP577950730075,56971JUPOT,Orange,track
4N 04973,5N1AA0ND1FN692967,59647CBAND,Violet,motorcycle
FIT 684,WBAKF9C55CE653284,37467VPAWA,Goldenrod,car
3641,4A4AP3AU1EE405855,53445WMUWS,Fuscia,track
86-7374J,3C3CFFDR9FT875178,10286GPFAJ,Violet,motorcycle
36-LF56,SALAB2V65FA924484,53501DTTML,Pink,track
YJU-467,3VWML7AJXEM508888,99103NUVEJ,Red,track
SBG 098,1N6AF0KYXFN003261,58150ECHGM,Purple,car
B60-VWJ,ZHWGU5BZ6DL840906,23876VQUMS,Puce,car
24K 730,1LNHL9DR6CG515843,22434JOWKH,Green,car
6PP 383,WDDEJ9EB7EA186631,62384EEUIG,Goldenrod,track
S73-88B,WA1LGAFEXDD846369,38793DFDZW,Blue,car
012 9681,JTHBE5C21C5764983,12633KZZMC,Crimson,car
F87-94C,WBA5B1C59ED745159,73042PEHKW,Puce,car
079Z3,WAUKFAFL0CN304982,79980VVMYB,Turquoise,motorcycle
076 6339,19UUA8F2XCA396945,31204PBPPA,Crimson,car
795 ETO,WBSDE93483C505513,56779CCSNT,Maroon,car
1799,2LMHJ5AR4AB948461,95651NOXXZ,Orange,car
886 RWI,WAUHFBFL6AN351866,39648CFKHY,Mauv,motorcycle
578-FYHM,5J8TB3H59EL308560,07267DLTLH,Red,car
00R P09,2G61R5S3XD9930226,67182SLEUT,Indigo,track
0JE39,WAUHGAFC0CN126143,05321NYVGE,Orange,motorcycle
35-67079,3VW4A7AT6DM758988,01714QMQHX,Fuscia,motorcycle
907 YRF,JHMFA3F28AS601338,83776IGTGU,Turquoise,car
818-EAG,1GYS3FEJ1BR946489,18821PMCLI,Yellow,car
229KIZ,SCBBB7ZH8DC041617,69035FZZMK,Crimson,track
B 272001,2G61S5S31F9022223,48718CCRSJ,Indigo,car
015 IRX,JM1BL1K56B1961133,89750MWNEU,Purple,track
2-50287,19UYA42592A198740,14002KPACE,Puce,car
77N 596,SALFR2BN3BH563545,77217ASFFK,Aquamarine,car
33-2862W,1GYS4CKJ2FR945308,94539KOZBG,Puce,track
3NW U44,1GD312CG8EF432897,88568FGBBK,Indigo,motorcycle
8BB9830,1C3CDFBB9FD576419,35636YSGBO,Indigo,car
31K J90,YV1612FS5E1070245,62596JFYYZ,Aquamarine,motorcycle
959 PPU,SALWR2TF7FA062941,13459QZFNX,Aquamarine,motorcycle
CEG-7377,JN1AZ4EH2BM058660,58957MHLES,Aquamarine,car
BPL-883,4T1BD1EB1EU273120,22400QHOPO,Puce,motorcycle
VHU-560,5N1AR2MM7FC337724,96699ZLXZH,Indigo,track
YWZ 595,3D73M3HL2AG735874,96719TNKCJ,Indigo,motorcycle
0H 98955,1G6KD57Y39U373581,08928BWYJT,Pink,car
8IY 250,WAUHE78P08A247603,48748VTWRF,Yellow,car
0NM0292,JN1CV6AP5CM241940,36792DRGYA,Blue,car
78-K824,1GYS4CKJ1FR257378,56166TDASC,Khaki,track
EHE 4075,2G4GS5EV4D9160173,68606YKXRE,Indigo,car
543 GNR,4T3BA3BB6EU123634,99911CRPDM,Puce,motorcycle
NJG-6665,3N1AB6AP2AL318691,68436EWCFD,Maroon,car
MVY 713,JN1BJ0HR3DM589328,43058OCOIQ,Green,car
036K1,SCFEBBAC6AG228678,97059ZMQPM,Aquamarine,track
AI 6935,4A31K5DF9CE871185,59215SXHHX,Maroon,car
N 788808,JN8AS5MT3CW997890,19710KVIIA,Purple,car
3-66051,1HGCP2E79AA521077,26638YQZKL,Red,track
YY4 2288,SCBFC7ZA6EC628482,22157EXBKO,Khaki,car
4T 58052,WBAKA83529C924444,30260LXSQG,Teal,car
095 FQZ,3VWF17AT2FM551946,08844VWKAR,Goldenrod,track
I74 4OC,1G4HR57Y86U606631,76134WVQWH,Maroon,motorcycle
6RW6048,1N6AA0CC1AN739242,18956MZLME,Mauv,car
D93-TNA,3D4PG9FV9AT176697,54168EHJTJ,Teal,track
021IYI,KM8JT3AF7EU835685,30270OTWAZ,Purple,track
769-699,SALAC2D46AA430012,80426XMFNQ,Violet,motorcycle
SVA-1631,WA1WGAFP2EA666174,99443FNBMC,Goldenrod,motorcycle
86AX2,JTHBF5C25D5690966,77967BWOSE,Indigo,track
9BM89,3GYFNCE37FS521843,17938VKVHW,Puce,car
SMO 815,1G4PR5SK8D4029790,05712RDYPD,Crimson,car
58O PJ3,WAUZL64B01N294580,98264UNIZW,Pink,track
7Z 6929X,1N6BF0KX5FN606582,40636CIOKK,Purple,car
ZXT 321,5LMJJ3H54AE213162,90228VRHSD,Aquamarine,car
785 TDP,2GKALMEK1F6936999,68599NGPQV,Puce,car
333HLE,1FTWW3DY8AE364582,13805BGLCX,Purple,track
GEB-2708,1C4RDHAG3FC643147,32507VMQCD,Aquamarine,car
T 783124,1D7RE3BK1AS917453,57372EXCNW,Yellow,motorcycle
5B539,WAUVT68E44A614451,98366HVUNT,Teal,motorcycle
PHI-4177,WAUHF98P78A397717,96926WJPQG,Green,motorcycle
ZYA 530,3VWJX7AJ7AM604351,60508FPBTK,Maroon,track
0P 8570L,WVWAP7AN8EE440822,92659KLGRG,Goldenrod,motorcycle
JGG-6535,JTEBU5JRXC5205044,46617WKRYE,Puce,motorcycle
25O 4226,WAUYGAFC8DN862250,79597KCPEF,Crimson,track
556 FJQ,WDDGF4HB9ER645877,49046RWQRA,Goldenrod,motorcycle
2978 GK,1FTEW1CW4AK318409,59568WVYAE,Goldenrod,car
ZZA 815,WAUAH78E48A712388,87520JSKOK,Violet,car
398LNJ,4T1BF1FK9FU072141,91252GQRXA,Green,track
267 NZR,1G4CU541724737768,08402WNPSZ,Crimson,car
SFX 795,JHMZE2H36CS547610,61812ZTTXW,Blue,motorcycle
359 DEQ,WAUDFAFL1EN487501,50487BOUSJ,Pink,car
891 VLG,3C3CFFAR1FT740426,61446CYJBC,Violet,motorcycle
1GZ Q60,JHMGE8G31DC863097,22341UYFKA,Orange,track
RBP-661,1G6AC5S39E0772796,96167IROLX,Purple,track
670 WNA,5J8TB4H72GL254416,64195GRKOT,Turquoise,car
YVC-494,5UXFA93504L263112,54774CYHDL,Puce,car
64-4925J,1GYS3JEF8DR347543,17985LGROF,Green,track
H72 2YK,WBAPH5G57BN312812,66576OBXWU,Teal,car
34M•017,WAUBVAFA0AN233782,79679IYBAE,Blue,track
455277,5FNRL5H25FB824037,91168FCHXU,Green,motorcycle
MA7 4057,WBAYE4C54FD685475,34970FMAHF,Violet,car
O46-QGQ,SCBGU3ZA8DC259021,98202NZZPA,Mauv,car
LGW-976,YV1612FHXE1396840,28429ZCQES,Green,motorcycle
MVE 979,1G6AB5SX3D0005336,90007HVZZC,Goldenrod,track
070-VWK,SCBFT7ZA9FC720722,98084DMXQT,Indigo,car
31-FK94,WVWAB7AJ3CW519687,60417RCEVK,Green,motorcycle
LYI 915,WBA6A0C51ED147486,18394GHJXY,Red,track
MFU S87,KM8JT3ACXAU689914,11492FUWAO,Purple,car
ZIP 864,1FTWW3A59AE763267,68583ZYSKW,Fuscia,motorcycle
902W,WAUKG98E76A430729,21385PZSXE,Mauv,track
TDQ-793,2C4RDGEG7CR800735,40164WNEOG,Indigo,motorcycle
9562,SALWR2VF5FA150724,84427PGRZG,Fuscia,car
1NLF 30,1C3CCBAB1CN157323,52571YLJFU,Goldenrod,track
7Z 3534Q,1N6BF0KX6FN918636,23451TJCEZ,Blue,car
VFO-811,5GAKRBKD4EJ796751,34013MTQYK,Puce,car
EJD 803,1N4AB7AP1DN771178,01113NKLFK,Turquoise,track
238 TNK,WDDLJ7DB3DA859233,10706QTEGV,Crimson,motorcycle
781 1FW,WA1CFAFP0FA783985,60463ILRGE,Teal,car
DRJ 830,5N1AA0ND9FN483475,56414TXOMM,Khaki,car
89-A279,WUADUAFG4CN443861,96905DGNXV,Crimson,track
326 JFK,2G4WS52J321982746,02228NOJUO,Green,car
575 1HP,KL4CJFSB4EB429594,28607PJGVG,Turquoise,track
4GT X73,3D4PH9FG1BT792331,27944JPSLB,Pink,track
3JQ 654,WBSPM93579E491934,62599TDXPF,Maroon,motorcycle
941 KNO,WBA5M6C58ED289842,35092HVVHN,Puce,motorcycle
40-6718N,5FRYD3H9XGB251372,20001CNUCM,Maroon,track
BDO8119,5GALVBED5AJ483567,83458QDVDE,Puce,motorcycle
RWO-7493,WBSDE93473C652504,08632RNFSU,Purple,car
HPR-2951,JH4CU2F62AC908764,94575NAUET,Turquoise,car
845 MNG,1FAHP2D88DG743194,10730DSLOA,Mauv,track
EAR 714,1FBAX2CM1FK085083,01069YZYOM,Indigo,track
UEL-550,1VWAH7A32EC669291,15202DNKVY,Turquoise,track
ZT-5655,JTDZN3EU2FJ781306,65431BGUOK,Indigo,car
844 2KO,JM1GJ1T66E1223517,63845HVNUO,Crimson,motorcycle
07W YE1,WA1MKBFP5AA269404,59647CBAND,Orange,track
6I PI469,1VWAH7A30DC859220,53501DTTML,Blue,track
GBT6744,1N6AA0CC5AN833110,99103NUVEJ,Goldenrod,track
AJY-9891,WUARU78E77N614340,22434JOWKH,Goldenrod,motorcycle
EXF6194,WAUVC58E95A437231,12633KZZMC,Puce,car
4VAX385,5J6TF1H30CL425795,27672EORLJ,Goldenrod,track
617-206,2G61S5S3XF9621248,32382YAGEK,Purple,motorcycle
016W,KMHTC6ADXDU693565,31204PBPPA,Red,car
RAD-7016,5FNRL3H23AB377012,56779CCSNT,Mauv,car
CFP-340,JTDKN3DU6B0568989,97911PYRMW,Yellow,motorcycle
047EM,5FRYD3H96GB104000,64065XJOTH,Goldenrod,car
84A 238,3C6TD5ET1CG005376,07267DLTLH,Maroon,car
X51 1HP,3C4PDCDG0ET476285,67338SQJJE,Puce,motorcycle
HLU 274,1N6AA0EK6FN585879,05321NYVGE,Puce,track
351 WMT,SALAB2V67FA592032,51518DIAML,Orange,motorcycle
0IL3153,1G4GC5EC2BF146935,83776IGTGU,Crimson,motorcycle
BUX7525,1GD21XEG2FZ825395,69829RLUQU,Mauv,car
SZE-9965,WBAWL7C51AP707146,69434QYOWH,Pink,track
Y 653696,3C3CFFAR2FT857397,27879YNWWM,Teal,track
VT7 Y2W,JN8AZ1MU9EW659619,93608NWYHE,Maroon,motorcycle
420-OYK,5FRYD3H62FB910808,69035FZZMK,Violet,motorcycle
XVE-0881,KMHGH4JH3EU796676,48718CCRSJ,Crimson,motorcycle
179-NLE,WBAFR7C53CC361173,75203HECSL,Aquamarine,car
D65 6VU,2HNYD18946H159117,14002KPACE,Pink,track
57W•489,1G6DJ577880433790,77217ASFFK,Puce,car
816-ZUF,JTJHY7AX3F4504122,94539KOZBG,Pink,track
701 0KB,WBAEK73465B596943,53430LBGSB,Khaki,car
N09-CVL,WAULT68EX3A489767,76371HDKVB,Mauv,car
LGE-9000,3N1AB7AP4FY408800,88568FGBBK,Yellow,motorcycle
ALH-469,1C6RD7HT8CS455522,09569XHRII,Teal,track
46J QC4,4T3BA3BB7FU519976,81271PUFQU,Teal,car
SSX 149,SAJWA0FB0BL489650,13459QZFNX,Puce,motorcycle
T78 5KR,WAUBF78E57A523130,22400QHOPO,Green,track
740 GOJ,1B3CB9HA1AD388585,73053NCNHC,Turquoise,car
4Y705,JN8AZ1FY8CW215919,68606YKXRE,Aquamarine,motorcycle
625-ZXA,SALWR2VF6FA772751,91086FMREO,Khaki,motorcycle
CDA-942,5N1AZ2MH3FN027500,12692VPJYK,Pink,track
73D 529,WBALX5C54CC318068,38409WIKNY,Pink,car
O14-56N,3N1CE2CP7FL062545,65614ELRCG,Fuscia,motorcycle
1OA J97,19VDE3F74EE492614,15304TERJH,Aquamarine,car
50I 0130,1GTN1TEX9BZ463232,39641ZUOIF,Maroon,car
69EZ893,WAUJC68E62A811990,59215SXHHX,Khaki,car
I09-OBJ,1G6AG5RX6D0656130,61895CJJUJ,Indigo,motorcycle
MQY-242,WA1YD64B12N086599,26638YQZKL,Blue,track
450 VVZ,4USBU33537L001765,88149HIAOX,Puce,car
UTW-6872,3N1CE2CP3FL527547,30260LXSQG,Turquoise,car
7-1470B,KMHEC4A48EA398805,86098ZUNMR,Aquamarine,car
0OA Y11,1N6AA0EJ4FN442422,80404UNYAY,Indigo,motorcycle
4JL 679,5J6YH1H34BL179719,76134WVQWH,Red,motorcycle
702XP,3VWC17AU3FM541213,66483RELJD,Aquamarine,car
817K,WAUDG98E76A484458,73414MLVAY,Mauv,motorcycle
958 6408,3GYFNFE32CS959134,34838ATQWJ,Goldenrod,track
8-I0181,1G6YX36D675765000,26117IVOWV,Orange,car
HP8 C7F,JHMZF1C47DS900087,03012EEHXC,Purple,track
272 YYR,W04GT5GC8B1354293,54168EHJTJ,Aquamarine,car
FBP 349,WA1DGBFE5ED042377,02990FMDIG,Green,car
VGQ 530,WAUBFAFL0CA736592,21214JLXTG,Crimson,motorcycle
P84 0AC,1G6DP5E36D0444280,05712RDYPD,Mauv,motorcycle
CWU-1443,5TDBCRFH7FS090691,59209BOWWM,Crimson,track
064 8XT,1N4AA5AP8AC208661,40636CIOKK,Purple,motorcycle
UV 4166,WAUCFAFH7DN131785,90228VRHSD,Green,car
KQI-137,3D7JV1EPXBG572716,86489LGGLR,Purple,motorcycle
2VE M49,1G6DD8E37E0382111,40064ONBBL,Khaki,track
0AS 085,JTJBC1BA2C2112073,68599NGPQV,Yellow,car
367 SER,WA1CV74L07D998272,13805BGLCX,Goldenrod,car
9VM O50,JM1GJ1T59E1928674,27952AFDKS,Khaki,track
TQF-695,SALGS2EF0EA926801,32507VMQCD,Yellow,track
167-IQP,1G4HD57278U721086,57372EXCNW,Mauv,motorcycle
982 EWJ,SCBZB25E22C219791,96926WJPQG,Turquoise,track
WD-4200,2LMHJ5AT1FB157842,90327VJIXZ,Purple,motorcycle
TY 5461,1FMEU8DEXAU625734,97312OCMVK,Crimson,track
685 QZR,1FTEW1C80AK884214,89496WYPEF,Crimson,car
R50 1NH,3GYEK62N55G946037,14709DXNZN,Purple,track
898T6,WAU3FAFR8CA573134,63662IFOJF,Turquoise,motorcycle
231 2757,19XFA1F32AE433990,61446CYJBC,Orange,track
725H,WVGAV7AX2CW729298,13893BSZNE,Puce,car
3KM 696,YV1672MW8B2815340,11280NIIMM,Aquamarine,motorcycle
K80-ZXB,1G6DK8EG7A0267396,31154MILFA,Goldenrod,track
AYV 369,JA4AD3A35FZ161588,54774CYHDL,Pink,track
542-MTZ,1N6AD0CU3CC161109,26549MRDPI,Purple,track
53-MO16,19XFB4F27FE705799,17985LGROF,Crimson,motorcycle
LDR 808,1N6AA0CC7EN219651,04580SGTWO,Red,motorcycle
028-BAQL,WAULC68E53A315508,66576OBXWU,Goldenrod,motorcycle
YFF-665,WVWED7AJXCW644312,79679IYBAE,Goldenrod,car
4-45012A,1G6AB5RA0E0889898,98202NZZPA,Indigo,track
HS 3074,JH4DB75641S875796,90007HVZZC,Green,motorcycle
9T589,1N6AF0LYXFN284251,98084DMXQT,Turquoise,track
9-F8654,SAJWJ0FF5F8141032,41154DWFZS,Blue,car
2-M4064,WA1CMAFE2ED955046,27601ACGVR,Mauv,car
V58 2EN,1GD312CGXBF500368,11492FUWAO,Blue,motorcycle
LNA 574,3GYFNDEY1AS858406,68583ZYSKW,Indigo,car
23C WU4,3GTU2YEJ9BG655719,88510XJWMX,Mauv,track
40G 6406,JTDKDTB30D1025714,30907AMLTS,Goldenrod,motorcycle
RPJ 8340,5GAKRAKD1EJ950567,51377UQXMC,Blue,motorcycle
ZXG 094,2G4WS52JX11716185,06475DZHFU,Teal,car
02-S856,WAUPEAFM9BA755447,24362GAAMP,Teal,track
994-CWF,WA1WMBFE7FD003907,49116MQVGU,Purple,motorcycle
MRT 516,3D4PG9FV5AT381269,66675VNMUO,Green,track
ZMD 044,3FADP4AJ6BM442881,71475FWVQK,Green,track
ESX 218,SAJWA1EK8EM378821,00326DAIRN,Puce,motorcycle
