contract_code,license_plate,contract_group,cost,start_date,end_date,customer_id,contract_category
HLUHQ12087,44-HC56,private,1016.08,2020-08-28,2024-08-28,08379QHHT,active
ONLJB37057,ALG-649,mixed use,2038.9,2019-02-25,2023-02-25,86956MEKE,active
DQOGW75567,0U 0335S,private,2528.98,2019-07-18,2023-07-18,88545LAYL,active
EKQHJ76493,HYK 366,mixed use,3762.07,2018-08-05,2022-08-05,60620NVYL,active
IBWNN86573,465-HCJ,professional,146.72,2019-10-27,2023-10-27,30828RHLO,active
NCUZR89154,N24 2SO,mixed use,2123.33,2018-07-20,2022-07-20,68428OEFB,active
GMMNK51544,15Y 823,private,3228.59,2022-04-21,2026-04-21,67654IKZR,active
WQVID76439,3-58615,mixed use,1043.8,2020-08-04,2024-08-04,81487OAVI,active
OIBTJ51357,5Z 7I0WSV,private,599.36,2018-05-20,2022-05-20,80341OYHN,active
PNNOP75548,GTB 435,mixed use,1757.08,2020-07-21,2024-07-21,60764GEVW,active
BMAGU67900,6127,professional,2353.54,2019-05-11,2023-05-11,23754LFSH,active
JMATX29835,3-13562X,private,1112.64,2017-10-05,2021-10-05,22519SNXK,active
UPDJP20957,7YM4070,professional,873.46,2021-04-15,2025-04-15,65496JTJS,active
MDXVJ25081,767 PJE,private,2357.46,2022-08-21,2026-08-21,59509DURL,active
WFDQC65911,QCY 464,mixed use,1566.2,2020-03-07,2024-03-07,95771UVPS,active
CVGOF72717,28033,mixed use,2839.36,2021-06-01,2025-06-01,33111FIVL,active
TWEKT91443,8BMP479,professional,3104.45,2017-11-27,2021-11-27,72654HUSA,active
XWTFB19078,GRE-025,private,1821.86,2018-09-28,2022-09-28,75753QQCE,active
WEUZR00648,DUQ4085,mixed use,3996.11,2018-01-24,2022-01-24,95040SBVL,active
CTLSX49472,SZU 900,mixed use,3336.39,2021-07-28,2025-07-28,50584GBVS,active
PZALR09788,225 JCO,private,2145.98,2022-08-18,2026-08-18,71777VLNK,active
WVGWV13281,226 WWG,mixed use,3015.92,2022-06-21,2026-06-21,02370YQOZ,active
NIOXF19846,CDC-924,mixed use,2059.4,2022-08-11,2026-08-11,15483UTSS,active
XXVNO91624,LDC6930,professional,2251.92,2021-01-02,2025-01-02,65159HQQP,active
TQZQQ81127,NIP-6327,professional,2503.12,2020-11-12,2024-11-12,51144WGEM,active
IPRUR43160,15-HM06,private,2028.38,2021-02-01,2025-02-01,49638CIFF,active
XTEYI05952,661-IYN,professional,2102.83,2021-12-15,2025-12-15,09733UOWD,active
EZOOO19263,9OD7099,mixed use,168.08,2020-05-29,2024-05-29,71982XHRY,active
EIGUK57167,IRJ4061,mixed use,1110.32,2022-12-02,2026-12-02,98657ZERQ,active
IVEGK63631,QKL-2115,private,1490.25,2021-09-27,2025-09-27,83284DBLF,active
LQBMC61436,2BE79,mixed use,1030.88,2017-09-22,2021-09-22,72610MBZX,active
BXMOZ82428,MDN 148,professional,214.45,2019-02-07,2023-02-07,55484EYRU,active
RGNUG04731,685VJJ,mixed use,807.66,2021-06-13,2025-06-13,59500UIIQ,active
CKUZL34424,6M 8N4WZH,professional,310.8,2017-05-29,2021-05-29,95771UVPS,active
GDXVN22756,0VR1058,professional,2004.92,2022-10-01,2026-10-01,57042LJVM,active
ALJBQ73015,2X CH591,private,2139.09,2020-05-31,2024-05-31,78232DVOC,active
TAYXF81935,HGW-0660,private,1882.02,2018-04-14,2022-04-14,45963BTGS,active
DSKAF93137,577-UTK,mixed use,3100.88,2022-10-14,2026-10-14,74014HHPE,active
IXSFL89525,9GXK 13,private,772.85,2018-06-18,2022-06-18,81978JEUU,active
UVIAH70361,177TCO,professional,2227.43,2022-07-02,2026-07-02,95040SBVL,active
JVFHO61755,2R 88330,professional,2929.03,2022-09-21,2026-09-21,71718MGNI,active
TGVDS59341,9MI 839,mixed use,3931.37,2022-07-29,2026-07-29,44762FKVQ,active
JGRIE70575,3RX4731,private,776.26,2020-04-09,2024-04-09,79723EUNH,active
RJCKZ09503,794-XFB,professional,3536.33,2017-10-06,2021-10-06,32776URIO,active
WUJEP27940,YKH-6327,mixed use,1668.89,2019-08-22,2023-08-22,50789WSEV,active
BYFAJ72889,6DN G71,professional,2565.41,2022-05-08,2026-05-08,91124PCFZ,active
MWZVS86916,304 HPU,professional,3147.73,2018-01-15,2022-01-15,77235BUOB,active
XRZOO05698,YQE3024,professional,2549.87,2017-09-06,2021-09-06,88392OUWV,active
MNZLE36618,I61 6TY,mixed use,905.9,2020-05-15,2024-05-15,10471PBQI,active
IAZWE15572,TV2 2438,private,940.18,2017-06-15,2021-06-15,18388XKVN,active
NQBQZ30170,7B 77677,private,1892.27,2021-07-11,2025-07-11,21171ASDE,active
MMSSJ22344,LIK-145,professional,2840.7,2020-10-29,2024-10-29,79531SQST,active
HFTWJ41884,W99 1LZ,professional,474.22,2017-08-20,2021-08-20,40695OWQR,active
GQQWI17213,TQ5 8063,private,1764.61,2022-09-05,2026-09-05,13604VPXT,active
ROVPU78377,KXX 551,professional,2513.9,2021-08-16,2025-08-16,83780RTBV,active
PGZWV00654,XR 37057,mixed use,204.61,2019-10-06,2023-10-06,42118POCR,active
VILBH56402,09-CG69,private,3167.14,2019-09-10,2023-09-10,06045QDAB,active
EQQLO28207,IZQ 3134,mixed use,2192.11,2021-09-08,2025-09-08,93214WTZW,active
IKQPV86065,51F B29,private,3200.23,2018-11-04,2022-11-04,76649BVYS,active
JJNME47184,AIT 625,mixed use,2380.69,2019-04-21,2023-04-21,80733GLAN,active
XGSDM50839,VB 8529,mixed use,3175.23,2019-06-09,2023-06-09,95531TBRP,active
LQIEI33835,4K089,mixed use,391.27,2019-12-30,2023-12-30,95040SBVL,active
EADTE11813,OX-1985,private,1661.74,2018-01-27,2022-01-27,18630CNPB,active
GEIII66546,57-Y093,mixed use,3664.84,2022-01-25,2026-01-25,67654IKZR,active
ZZTIB72639,QL 5205,mixed use,1270.26,2017-06-24,2021-06-24,79571JNBX,active
SBWTX84382,SEC-295,private,1052.77,2021-12-06,2025-12-06,98849FHWR,active
DDYQZ20462,QDV-8658,mixed use,1027.8,2021-04-12,2025-04-12,23754LFSH,active
PJXJT62954,GQL 281,private,1862.59,2018-11-22,2022-11-22,72032EAOV,active
YGKDM97467,829 CR2,professional,3149.21,2018-11-28,2022-11-28,58699UWMV,active
JDOJC74783,003-CZGF,private,3455.96,2020-06-21,2024-06-21,17136ELGN,active
RKKXY13584,5CR7462,private,3393.48,2022-08-22,2026-08-22,40695OWQR,active
LIPAH32657,05-8899A,mixed use,327.85,2022-03-20,2026-03-20,35764FOIB,active
NDJRI84904,934 OZH,professional,2553.65,2020-12-16,2024-12-16,79150WKYZ,active
ZGZRU50445,IDU 377,professional,3117.33,2020-06-27,2024-06-27,80733GLAN,active
ORIFG64589,8448 ED,mixed use,3699.34,2019-03-06,2023-03-06,56911ZULC,active
HIFMF65641,ABY-4730,private,3114.85,2019-10-17,2023-10-17,24273JCDS,active
OLIRI80639,BW1 3234,professional,1401.51,2020-08-01,2024-08-01,85393JJBI,active
XYZEC02467,IYU-437,mixed use,2423.76,2018-10-02,2022-10-02,77999UXSR,active
RHEHC25907,GQU-8889,professional,1191.82,2022-12-13,2026-12-13,89526MVNF,active
XGCWI08317,7Y 8I7KEQ,professional,3045.13,2022-05-21,2026-05-21,91124PCFZ,active
NMVAG91876,5F TX621,private,3876.34,2018-08-21,2022-08-21,42269XXOE,active
QIRQZ65178,YU-2902,private,498.4,2019-10-26,2023-10-26,54940GODH,active
BYJUN94709,8I UY907,private,2917.42,2017-06-09,2021-06-09,54925RJRY,active
RZWCJ21709,05L•150,private,801.17,2021-04-14,2025-04-14,42627LHYL,active
DOAHK06790,975 LWO,professional,2891.57,2018-02-03,2022-02-03,57734LGNA,active
TULHA28509,9ZR H83,mixed use,3938.82,2023-04-13,2027-04-13,47778WZVI,active
FXXIN77844,4JL 298,private,2383.06,2022-10-04,2026-10-04,83914QDAV,active
XTNIQ99489,K93 5FY,private,1516.4,2021-10-03,2025-10-03,83600WKWC,active
SMNKQ57908,159 YCL,professional,2554.16,2022-11-25,2026-11-25,93214WTZW,active
PZMMM47976,6-66210,professional,2344.07,2022-07-27,2026-07-27,84514WYTX,active
GSIMV71662,575-052,mixed use,2798.49,2021-03-16,2025-03-16,95475BQLW,active
TKEWD03505,367 UY1,professional,1561.2,2023-03-17,2027-03-17,14816AYBJ,active
TLUOB09796,666 HTA,professional,2333.71,2017-12-18,2021-12-18,01659YYEU,active
NRGOR57841,HGJ 783,professional,2035.57,2020-12-01,2024-12-01,60328SAPA,active
PUPQG34743,20-X454,private,329.06,2023-02-20,2027-02-20,35138FFHY,active
DJCUT37071,73B•578,mixed use,1210.39,2019-08-04,2023-08-04,42269XXOE,active
GNHHS24907,RBB 901,professional,169.68,2021-05-13,2025-05-13,77363CFCP,active
ZXQMV71352,KD-2612,professional,1537.26,2022-03-10,2026-03-10,12458QKFX,active
MACEZ12091,H28 9KQ,mixed use,691.39,2019-02-27,2023-02-27,48645NFGV,active
IEKHH00057,324-NPF,mixed use,2111.06,2020-08-28,2024-08-28,18019RBDW,active
IRFDS68677,HNL 498,mixed use,1325.31,2017-10-12,2021-10-12,10769ALVE,active
JWPHS25608,VSX-185,professional,330.52,2022-03-26,2026-03-26,55120LCLY,active
KGTRK42375,3VY 558,professional,3772.17,2022-02-11,2026-02-11,42627LHYL,active
ZONAS08779,981VRC,professional,3807.54,2021-04-20,2025-04-20,64522VYKP,active
FKDBF56481,77LQ8,mixed use,1310.64,2023-03-07,2027-03-07,47778WZVI,active
DVHJG22536,937 IUU,professional,1279.98,2018-03-09,2022-03-09,22979ZPMU,active
TGNPC37740,2557,mixed use,1509.12,2019-07-04,2023-07-04,45963BTGS,active
ZFMEQ20097,LWY 178,private,1408.61,2023-04-20,2027-04-20,18258VTFF,active
FFOUR90718,VSX 302,private,977.79,2018-08-03,2022-08-03,82767MXXC,active
IDRSC64205,9NT56,private,416.91,2022-01-03,2026-01-03,68586FWQU,active
GNZSF67021,LZL-2657,mixed use,3061.99,2022-12-23,2026-12-23,11116WFHA,active
CPMIC41954,VMH 708,private,3115.19,2021-11-07,2025-11-07,42765RSFG,active
RDWSS59430,FIT 684,mixed use,1687.2,2020-10-23,2024-10-23,60620NVYL,active
ODSOP40384,SBG 098,professional,1151.46,2021-11-13,2025-11-13,14816AYBJ,active
RRQHL94722,6PP 383,mixed use,1195.46,2020-03-15,2024-03-15,78690BVFL,active
OUUNQ03933,795 ETO,private,3678.59,2018-02-08,2022-02-08,54653TVUV,active
RJMFP16491,0JE39,private,2821.38,2020-08-13,2024-08-13,49803AKGC,active
KJPEW64310,33-2862W,private,1124.59,2020-10-21,2024-10-21,14404DRGA,active
LMWRP45788,8IY 250,mixed use,3662.71,2020-02-23,2024-02-23,87910RZWT,active
YZYKV69344,4T 58052,private,465.73,2021-02-15,2025-02-15,54925RJRY,active
JVKEA98016,58O PJ3,professional,1566.88,2023-03-23,2027-03-23,32305VJIF,active
ULFDO03642,9562,private,3363.38,2020-07-24,2024-07-24,03552MMGN,active
JUUAX57147,89-A279,mixed use,3822.9,2023-05-12,2027-05-12,68582MPTR,active
MVLLZ00292,326 JFK,mixed use,3044.13,2019-06-25,2023-06-25,02078EQQT,active
MTADL85583,RAD-7016,private,1041.04,2019-12-30,2023-12-30,25434HMPF,active
XWVVA04033,D65 6VU,mixed use,3309.53,2017-08-17,2021-08-17,13891NOSE,active
DZQMM56830,T78 5KR,private,3857.27,2018-12-16,2022-12-16,36255KUID,active
DFSTG19584,CDA-942,mixed use,3081.97,2021-08-30,2025-08-30,56369HXEP,active
KCOIA11752,I09-OBJ,professional,1243.24,2022-08-03,2026-08-03,31128EHQZ,active
GZXVG69754,272 YYR,professional,1237.18,2018-04-04,2022-04-04,43473HAYP,active
BVYOM35425,2VE M49,professional,2232.86,2021-02-04,2025-02-04,46015XQAX,active
MLHLK92605,231 2757,private,3723.67,2018-09-22,2022-09-22,32971HUPL,active
DQNDR93785,53-MO16,professional,681.77,2017-06-16,2021-06-16,61817FIKY,active
JCYRN47061,ALZ 108,mixed use,619.64,2022-06-06,2026-06-06,67654IKZR,active
JRIOQ84607,YKZ 448,private,3568.98,2020-05-15,2024-05-15,01087MZWC,active
CKSSB57666,071-FDW,mixed use,1882.83,2019-10-02,2023-10-02,87603OGLK,active
KNUVR23667,THX 215,mixed use,1580.29,2017-10-21,2021-10-21,29615DGPL,active
BYHRK40522,694 VZ3,professional,153.46,1989-08-06,1993-08-06,49482IBZH,not active
IXVEZ18118,98I T78,professional,3899.28,1996-01-19,2000-01-19,43473HAYP,not active
PPFKV21806,53-N511,professional,2279.54,1981-09-24,1985-09-24,94303JWTD,not active
YQNLW86336,F08 4EV,mixed use,826.12,2001-02-16,2005-02-16,87612BOEV,not active
CCGEV37110,PP 5921,professional,1333.2,1993-08-11,1997-08-11,54925RJRY,not active
VMMWO09824,920 NO9,professional,1778.05,2003-04-22,2007-04-22,57734LGNA,not active
KSFTN44526,WLQ-8090,private,719.62,1988-12-13,1992-12-13,79150WKYZ,not active
OMWCS52928,5UQ 943,private,275.4,1995-08-09,1999-08-09,77966JEXX,not active
BXJWM56577,LYP 869,private,2651.7,1987-07-23,1991-07-23,93214WTZW,not active
CWPLL61205,9EJE 13,professional,3220.92,1985-07-09,1989-07-09,91456OASB,not active
TLEDW79399,BLA-2552,private,2815.28,2001-07-13,2005-07-13,04940PMMY,not active
DMBTH62389,155470,mixed use,3748.88,1983-07-02,1987-07-02,05056UNSA,not active
RXOIB28840,71-5958U,mixed use,1353.37,1997-08-31,2001-08-31,10471PBQI,not active
LHXBW35990,9Z512,professional,3197.54,2001-09-30,2005-09-30,93214WTZW,not active
WLYJH93043,6YT 049,professional,863.35,1988-12-06,1992-12-06,72610MBZX,not active
IPOLC89588,072 4QK,professional,2546.55,1993-05-01,1997-05-01,25935HNYY,not active
EBCXU68412,7K YC112,professional,1196.14,2010-12-25,2014-12-25,10769ALVE,not active
URIKR68112,727 JGD,mixed use,668.21,2012-03-03,2016-03-03,03552MMGN,not active
LEEWR39927,CFZ-382,private,1797.68,2006-10-08,2010-10-08,67383HZVX,not active
FDGJW49296,2LU 363,professional,2881.31,1996-02-16,2000-02-16,92623KQZR,not active
ETDJW02033,82-ME02,private,3910.65,2013-06-28,2017-06-28,57422FUFB,not active
USTOV66656,820 6ND,professional,2712.93,1994-05-08,1998-05-08,81487OAVI,not active
KCBOM35730,BJ6 Y7V,mixed use,504.7,2011-02-13,2015-02-13,98552YSEK,not active
RSHCJ04518,566 JNB,professional,1938.43,2011-08-17,2015-08-17,68586FWQU,not active
WMRCD76320,QSH-5559,professional,729.24,1994-06-23,1998-06-23,34284QPPH,not active
UDOMB42657,759-HKD,professional,2185.33,1989-07-21,1993-07-21,95040SBVL,not active
RGCJU37868,FQS4118,professional,1390.97,1985-08-07,1989-08-07,51549NDPJ,not active
IRPXI92642,QDM-2037,private,2420.78,1988-05-01,1992-05-01,11116WFHA,not active
KTHUG51753,RIU 090,mixed use,2911.38,1984-12-03,1988-12-03,52279JVHF,not active
TLPHW20138,CGU4014,mixed use,2419.92,2006-04-12,2010-04-12,65031CTFS,not active
XEVMD87067,KUM 150,professional,1382.9,2002-12-09,2006-12-09,23373OIZR,not active
ZIBKQ05370,257-AFM,mixed use,3258.8,1985-02-15,1989-02-15,77648HPWS,not active
EOKGV78823,0ZLD 20,professional,2780.16,1994-09-11,1998-09-11,70064RDVI,not active
PGOCN16135,9ND 607,professional,2180.09,1993-11-22,1997-11-22,24273JCDS,not active
ZXLPC70831,60B H04,private,2240.45,1987-03-01,1991-03-01,02370YQOZ,not active
XXADV11290,RK-4506,private,1704.92,1992-01-31,1996-01-31,69115KDSM,not active
AEYUR04959,UJN-843,professional,359.99,2011-09-13,2015-09-13,42765RSFG,not active
UPVCQ79127,MBR 586,mixed use,1442.66,2005-10-20,2009-10-20,84514WYTX,not active
DYZQU54375,3TD 621,private,2273.13,1996-09-14,2000-09-14,78104LNZA,not active
MJBLK52655,938 QHJ,mixed use,2449.8,1992-07-25,1996-07-25,65159HQQP,not active
CXBNG94637,122 FYK,private,280.26,2013-08-09,2017-08-09,69408PZCQ,not active
QWDAY22295,760-MKBU,private,2695.09,2014-05-31,2018-05-31,25434HMPF,not active
JIMNU21015,267 JQV,professional,1469.25,1983-04-17,1987-04-17,09591PDXE,not active
LCQIU32217,7UYR078,professional,2047.42,1982-08-21,1986-08-21,44609WILJ,not active
CNDFQ36759,052 1561,mixed use,1122.31,1996-10-11,2000-10-11,57531HHOE,not active
ANWNO96326,O 923797,private,2041.94,2012-02-09,2016-02-09,46639TZPG,not active
EJGZB15757,LGN-1306,private,3251.48,1981-03-03,1985-03-03,43212TDKJ,not active
XAGAK98893,846 4924,professional,729,2007-02-14,2011-02-14,73157LIPH,not active
LPYUJ83003,374 TK2,professional,650.21,1994-01-17,1998-01-17,89695FAMD,not active
HBFPW61771,E55 3KP,professional,2344.18,1991-11-26,1995-11-26,36136GDUV,not active
ISALC38453,VN 90470,mixed use,3624.25,1984-05-23,1988-05-23,76606GSJC,not active
RWGYH78646,U95-83Z,mixed use,212.53,1988-02-07,1992-02-07,49638CIFF,not active
DPFZK22689,AQL4744,private,2423.85,1981-06-11,1985-06-11,54653TVUV,not active
FVNVW52371,502-XPD,private,1451.96,2003-09-12,2007-09-12,42013QHIR,not active
MAORB48650,693M,mixed use,124.78,2016-07-28,2020-07-28,43426DRZZ,not active
TZIGJ03675,PV5 4900,private,3120.46,2005-10-19,2009-10-19,19717MIGS,not active
YVQBU46167,1-89256,private,3278.5,2003-06-25,2007-06-25,82477VGEO,not active
TTPOM28156,BEB1897,professional,930.81,2003-07-10,2007-07-10,76566VEGI,not active
SUBDF66417,IUH-070,mixed use,1716.78,2005-11-22,2009-11-22,31447GNHE,not active
RMVLB00754,H 717865,private,268.18,1989-08-19,1993-08-19,79875HUWC,not active
ELSOA95239,OIE-8689,professional,3593.12,2003-11-01,2007-11-01,42765RSFG,not active
LDIER63828,PY 1470,mixed use,3106.12,2002-02-22,2006-02-22,60328SAPA,not active
TABLR68172,HPM8644,professional,3688.23,1985-05-23,1989-05-23,67284EJED,not active
QPLNA85203,8C 7R6MFX,professional,446.13,2005-04-14,2009-04-14,09733UOWD,not active
IBKVG70566,9-30884,professional,2786.66,1990-07-03,1994-07-03,13891NOSE,not active
MEHBT80865,IUM 377,professional,3461.05,2012-02-07,2016-02-07,14404DRGA,not active
YLBHE92725,ORA-886,mixed use,1586.8,1980-08-29,1984-08-29,35138FFHY,not active
RPIMF73462,226 0FR,mixed use,1809.38,2007-11-10,2011-11-10,92891DPPY,not active
ZZMPS13826,FR0 2492,professional,945.15,1998-11-16,2002-11-16,51118DLYY,not active
BFRVO20231,VPY1682,private,211.75,1987-11-27,1991-11-27,92891DPPY,not active
SWGZC30234,KIL 377,professional,2280.61,2003-11-15,2007-11-15,14772ZJQH,not active
VJVTT76597,929-XJT,professional,3334.91,2006-08-01,2010-08-01,91343ITWF,not active
UHZWI79948,D 548591,mixed use,2100.53,2013-11-17,2017-11-17,73860ZFXZ,not active
SYMQN66005,6-89908,mixed use,1611.58,2003-08-07,2007-08-07,00822FKFK,not active
TXVLU68511,5OR T08,private,503.23,2002-08-11,2006-08-11,34307LQXI,not active
LMBJG13570,8SWU 92,professional,527.7,1992-11-11,1996-11-11,41784LILU,not active
LIGIV58152,Q18 0AF,mixed use,3298.41,1981-01-22,1985-01-22,88254BLBN,not active
MPYOP88797,0S A1011,private,3981.24,2010-04-28,2014-04-28,62057CFRB,not active
DVLIT87648,VJY 943,private,3274.19,1988-11-17,1992-11-17,71982XHRY,not active
MLKXE01371,UDT 336,private,863.56,1982-11-13,1986-11-13,52058LYKU,not active
AWQJU95594,XKG-9136,professional,2644.64,1991-12-14,1995-12-14,77363CFCP,not active
TVHXY51109,7-Q9517,private,3599.6,2000-05-01,2004-05-01,99370FKWO,not active
UOEPQ60993,574-AOZ,private,2193.45,2011-03-04,2015-03-04,84292DHIB,not active
FIDIB33812,0IB 803,mixed use,2578.31,2010-10-20,2014-10-20,77097DUZP,not active
AAIWZ17012,RFL-2957,private,3969.13,1993-11-04,1997-11-04,70298ZUZH,not active
ICIWF52756,M19-91N,professional,2300.67,1996-06-19,2000-06-19,77235BUOB,not active
KRQAY81560,3QB45,professional,1935.99,2006-03-09,2010-03-09,98849FHWR,not active
HEQLR61605,0-Z0625,private,290.06,2007-12-24,2011-12-24,94444SGVC,not active
TYYWN52704,YEA-468,professional,3618.84,2016-10-21,2020-10-21,04940PMMY,not active
UJELM55630,6XX 116,mixed use,1445.21,1991-12-20,1995-12-20,55103ZPSB,not active
ZYQWW96820,4-46616N,private,3637.59,2008-03-04,2012-03-04,12655ULTD,not active
JQHUA72434,9ZO P33,private,1147.45,2015-02-15,2019-02-15,85599NPEB,not active
AEQKH51425,TBD-688,mixed use,701.12,1981-09-03,1985-09-03,18019RBDW,not active
CHDYO41580,LJU S70,mixed use,105.66,2002-06-05,2006-06-05,83284DBLF,not active
OYPHL25250,623 5388,mixed use,787.35,1996-10-25,2000-10-25,72610MBZX,not active
TMNUY01440,MAS-641,professional,828.61,2008-04-18,2012-04-18,86956MEKE,not active
ZDRPM08960,FTF-8420,professional,966.36,2006-07-10,2010-07-10,55229VVKR,not active
ORUEH59776,Z44 3DF,mixed use,3807.71,2004-02-03,2008-02-03,43512YVLG,not active
GPIRB68692,SUR 995,professional,3014.18,1992-03-02,1996-03-02,32305VJIF,not active
UCIVE39534,7BP 881,private,3004.63,1995-06-18,1999-06-18,43473HAYP,not active
ITKBL92494,0B E6144,private,2889.46,2004-11-12,2008-11-12,36154QQBW,not active
WCTWI15230,1BQ 169,professional,2679.81,1987-10-02,1991-10-02,36239MGOR,not active
FWCVT48162,370-AMF,private,2171.58,2002-05-27,2006-05-27,98043QMRH,not active
AINRD69764,75LM5,mixed use,1859.04,1986-08-15,1990-08-15,01087MZWC,not active
AFMFN48101,NLB-4427,mixed use,3637.24,1986-08-18,1990-08-18,47778WZVI,not active
GGZLN44282,416 YTP,private,3244,2000-09-10,2004-09-10,05056UNSA,not active
LKNJX19959,MOK 536,private,3908.71,2011-03-27,2015-03-27,76743DMGG,not active
NPXBU83328,5K 8L0QYM,private,137.95,1989-04-21,1993-04-21,18388XKVN,not active
PRLHW85500,LNY3441,mixed use,3708.35,2015-07-24,2019-07-24,67176RPBA,not active
WXCNN54579,2-61359G,professional,457.24,2006-02-01,2010-02-01,59905KSHU,not active
WSQOR16967,36D JT4,private,3217.5,2001-09-03,2005-09-03,37698CHVT,not active
NSADX36353,ZZR 318,mixed use,1355.47,1996-06-11,2000-06-11,05941YUVA,not active
UBASX04432,OQE N74,professional,371.6,1990-07-31,1994-07-31,58699UWMV,not active
JUMFI04053,74Y M17,private,432.81,1993-12-23,1997-12-23,32971HUPL,not active
LFAPH11237,1S XY951,private,3977.47,2014-02-18,2018-02-18,58175VDBX,not active
IRTCG94867,HSZ-6396,private,272.67,2002-05-10,2006-05-10,82923NARG,not active
ASJTL75607,XY1 2439,mixed use,660.59,2011-07-23,2015-07-23,35898FCNM,not active
SVTHN41016,LYS 352,professional,1754.55,1996-11-22,2000-11-22,21364FPLG,not active
TWTPI86104,26A W31,private,1704.87,1998-07-22,2002-07-22,11764FIVH,not active
WSAPT97891,13I L66,professional,2241.3,2002-09-30,2006-09-30,93974BAZZ,not active
VTJDW18541,04-J541,private,1612.3,1984-07-13,1988-07-13,61961BNWO,not active
LPUPQ82249,T99-KBC,mixed use,1560.91,1997-02-17,2001-02-17,46386XMYL,not active
JBRWN56169,68-1035A,professional,2017.81,2011-08-09,2015-08-09,63920BTFS,not active
WWVHW61830,189 HFU,professional,2467.75,2005-02-01,2009-02-01,22979ZPMU,not active
XUXLJ37466,41CU041,professional,2284.83,1981-10-29,1985-10-29,76743DMGG,not active
CIFIV75894,2C 67350,mixed use,2617.26,2015-04-13,2019-04-13,79531SQST,not active
VYNDY45721,1-L0164,mixed use,2435.96,1986-06-17,1990-06-17,49941YHBD,not active
HSWFM65408,GDZ0926,private,2872.52,1999-10-09,2003-10-09,35764FOIB,not active
IXZES43017,2V139,mixed use,2301.95,1993-05-01,1997-05-01,53911OCJM,not active
XWMPF89686,4961 IV,professional,3819.21,2010-06-27,2014-06-27,83780RTBV,not active
HUMRG61974,4WEJ 70,mixed use,3515.13,1985-09-14,1989-09-14,37189JWSC,not active
OFBGA31867,401AW,private,3139.91,1997-08-14,2001-08-14,18258VTFF,not active
LGOQP41952,LKB 959,professional,343.98,2006-11-07,2010-11-07,42438YADB,not active
XTIGR69040,QB-6655,mixed use,1432.69,1984-04-11,1988-04-11,82767MXXC,not active
EBJRY07137,5M DX778,private,1773.81,1994-03-02,1998-03-02,25935HNYY,not active
JHAYV35194,2S 9Q8TCY,private,2750.13,1999-09-28,2003-09-28,68582MPTR,not active
TEHJX73292,1MUT 21,professional,1954.57,1991-01-02,1995-01-02,94211GXXU,not active
JAEUA79500,KGN 691,mixed use,1279.59,2015-06-17,2019-06-17,02078EQQT,not active
SDGEB92173,96QA623,private,2049.32,2000-11-05,2004-11-05,95531TBRP,not active
KNYTK72055,TIX-774,mixed use,2283.97,2004-07-11,2008-07-11,68586FWQU,not active
TNAOE22694,ICQ 879,private,200.21,1993-04-10,1997-04-10,44421IHHW,not active
CEVZR28873,JHM-238,mixed use,3570.95,1996-01-29,2000-01-29,50300NKLM,not active
DMZFJ71953,3VN45,professional,716.13,2013-05-25,2017-05-25,77648HPWS,not active
KHYXU66587,0UB5012,private,3184.82,2012-04-21,2016-04-21,54411TIYF,not active
DAMBW43132,75U V05,private,3110.45,2006-02-23,2010-02-23,74333REJG,not active
LKRXC90162,YW 21591,mixed use,692.74,1997-10-28,2001-10-28,66094VTVF,not active
ROEYL53173,CBQ4730,professional,1566.84,1984-09-04,1988-09-04,27325QHFP,not active
TUJFF64534,2K TJ446,private,3332.83,2006-04-27,2010-04-27,78104LNZA,not active
FWLKI31099,DST 217,mixed use,378.96,1987-09-02,1991-09-02,69408PZCQ,not active
NFIOG21414,1DJ X06,professional,3795.53,1987-08-08,1991-08-08,25434HMPF,not active
TFWGG41515,RQQ 703,professional,3898.51,2015-11-01,2019-11-01,30828RHLO,not active
ETAEE57221,568 BOL,private,3631.13,2014-02-08,2018-02-08,09591PDXE,not active
WIELX32337,894KK,private,2938.83,2013-03-16,2017-03-16,95475BQLW,not active
FTITM82719,BEE 770,professional,3392.6,2005-01-29,2009-01-29,38804LVKL,not active
BQHCO70194,XX8 T1G,professional,1484.05,2010-08-04,2014-08-04,78690BVFL,not active
HBUJH90109,HCI 343,private,2404.4,1998-01-27,2002-01-27,90636SXTS,not active
RNOXF84987,511 RWL,mixed use,1272.54,2011-06-26,2015-06-26,54048BMBC,not active
ADYVD18665,8-86297P,private,2575.56,1997-04-01,2001-04-01,77098AYAB,not active
VFITQ26675,4AB0480,professional,2028.3,2016-06-13,2020-06-13,42013QHIR,not active
RPALS05504,574 JIM,mixed use,1087.97,2016-11-19,2020-11-19,68428OEFB,not active
OSZVL46853,7925 VH,private,1771.68,1991-12-22,1995-12-22,44762FKVQ,not active
WDDAM87738,32N G07,private,3054.32,1980-06-25,1984-06-25,39381PFJJ,not active
RYGAM44347,6PR 858,mixed use,2062,1986-08-14,1990-08-14,49803AKGC,not active
NTOHN43689,672 5MR,professional,2462.18,2001-05-11,2005-05-11,19717MIGS,not active
VUDNV97734,HQF 124,private,1435.82,1998-12-13,2002-12-13,58217LNYS,not active
SFKNL20905,4SS 130,mixed use,2748.23,1991-06-08,1995-06-08,13891NOSE,not active
RNGRG17824,BTN-572,private,3944.09,2008-10-14,2012-10-14,05913SDIU,not active
RGTWF68982,538-HLN,mixed use,348.47,1983-02-28,1987-02-28,77999UXSR,not active
ARTGM26369,088-JED,mixed use,2341.21,1983-01-26,1987-01-26,45464WSJG,not active
AGYKI94185,5-C5151,professional,3739.57,1991-03-01,1995-03-01,17337TFTU,not active
ZPMMU64412,925 UXM,mixed use,2794.33,1987-07-10,1991-07-10,98911THJQ,not active
EDFFL17617,16K 993,mixed use,3057.01,1999-07-24,2003-07-24,22176FNDT,not active
TTXUK42120,544,mixed use,1888.26,1990-12-23,1994-12-23,79596YHKE,not active
XFSST30388,PMY-3580,mixed use,1891.57,1997-09-30,2001-09-30,35138FFHY,not active
XJCBW03466,WFT 351,private,127.86,1984-11-24,1988-11-24,92891DPPY,not active
AVJJY82828,0FUI 92,mixed use,2255.83,2010-09-18,2014-09-18,89526MVNF,not active
UMZEP70031,ENL-8366,professional,1926.87,1990-07-31,1994-07-31,80341OYHN,not active
WOMPU32195,4IZ R94,professional,3105.2,2008-09-26,2012-09-26,82119ZXLO,not active
IXMNB36194,85-9958S,private,3257.21,2002-07-28,2006-07-28,00822FKFK,not active
VTQKM76743,52J Q78,professional,1850.86,2004-11-18,2008-11-18,62816IIBX,not active
PTJII32128,199 0QS,private,484.94,2003-05-21,2007-05-21,52058LYKU,not active
RYCST94898,MGN 374,mixed use,592.02,1990-02-15,1994-02-15,06976BQRC,not active
NEFZX33895,984 WZZ,private,1254.27,1995-03-01,1999-03-01,79571JNBX,not active
UZHPO77804,920 LGZ,mixed use,310.1,1991-06-14,1995-06-14,77097DUZP,not active
VZFEH37755,IXG-3377,mixed use,1432.19,2017-05-07,2021-05-07,17239JEWQ,not active
TAGMZ11848,GA 2048,private,1159.85,1998-02-16,2002-02-16,70298ZUZH,not active
LOYJM27597,HSS 135,professional,3091.75,1996-01-16,2000-01-16,98849FHWR,not active
JGDDR98261,5HKQ 97,mixed use,896.77,1987-01-05,1991-01-05,23754LFSH,not active
FQFOI87246,29W B12,mixed use,1685.67,1992-12-07,1996-12-07,30848FGKT,not active
PUISY77777,73-28679,mixed use,3728.23,2012-03-02,2016-03-02,22164JXUR,not active
LKPUK85528,3KJF834,mixed use,1832.71,2014-10-14,2018-10-14,10769ALVE,not active
TADWP53458,876 BMI,professional,2461,2008-08-17,2012-08-17,82191YHWV,not active
NAZFF04462,JRG 190,private,1289.15,1984-05-21,1988-05-21,42627LHYL,not active
MUALZ88297,ZGU-170,professional,2729.51,1987-04-19,1991-04-19,64522VYKP,not active
OEHBC88216,609 BEW,professional,1621.78,2004-01-10,2008-01-10,93887GIPN,not active
HMPHJ85324,12-J856,private,1579.11,2003-11-19,2007-11-19,87603OGLK,not active
HUGVB71643,9V 0E7TFM,professional,1579.78,1998-08-15,2002-08-15,22900FXDM,not active
OJNJG81132,39-4352N,mixed use,2322.14,1982-06-11,1986-06-11,47778WZVI,not active
TQVER48289,729-ZOG,mixed use,2447.38,2000-03-23,2004-03-23,46015XQAX,not active
NJFVX87173,0CT E37,professional,3646.52,2009-02-16,2013-02-16,05056UNSA,not active
OLMSU69153,BA-8605,professional,1090.48,1998-01-23,2002-01-23,10471PBQI,not active
RASJJ79078,GD-2434,professional,2804.12,2002-02-27,2006-02-27,18388XKVN,not active
ALWTM45377,MAE 821,mixed use,2184.6,1983-12-16,1987-12-16,65496JTJS,not active
TQGLD49215,5JE6549,private,889.31,2015-10-15,2019-10-15,59905KSHU,not active
VMXNG51588,035DR,professional,1538.1,1984-05-08,1988-05-08,17108GILE,not active
LLHKI44269,EG6 T4J,professional,2342.42,2006-01-21,2010-01-21,21858YONA,not active
VJHES83421,427-AKK,private,1316.73,2007-03-29,2011-03-29,67284EJED,not active
ZRSAF44718,UX 6663,mixed use,3636.15,1983-10-08,1987-10-08,05941YUVA,not active
GSYFP76412,65-L073,private,170.21,2012-05-19,2016-05-19,59509DURL,not active
RULVZ54089,L76-44F,mixed use,690.56,1997-03-23,2001-03-23,58699UWMV,not active
ULEYK26596,6IX04,mixed use,1698.02,1984-06-16,1988-06-16,36981SZFS,not active
CYELF85321,YAI9366,mixed use,2392.79,1989-11-25,1993-11-25,21364FPLG,not active
WODLS30195,7I BO383,professional,1243.13,2003-04-02,2007-04-02,83600WKWC,not active
IKAZP23320,127 MOD,mixed use,3356.91,1996-08-08,2000-08-08,93974BAZZ,not active
SCDOX45732,276 NHZ,mixed use,648.01,2006-12-01,2010-12-01,71165ADJK,not active
EJXRW42111,W39-HNO,professional,2768.29,2010-11-25,2014-11-25,79506QNVR,not active
TZXHI72082,D78-89Y,professional,3017.03,2005-08-26,2009-08-26,99566JOFM,not active
TLHQD39860,X12-42Y,private,3840.93,2009-04-11,2013-04-11,22979ZPMU,not active
BNWGL70920,YRD-6112,mixed use,2652.42,1986-10-08,1990-10-08,33111FIVL,not active
TFXXP22400,780-107,private,649.35,1993-03-27,1997-03-27,85805GHFL,not active
JINNE39952,921-NNIU,professional,2164.39,1998-10-10,2002-10-10,27025MYJS,not active
ZWKXL55536,XVX-1687,professional,2432.96,1993-12-04,1997-12-04,40695OWQR,not active
PFNNO00796,FS 4755,professional,2418.81,1998-07-09,2002-07-09,79893GQEE,not active
EMBPC11355,886 FKO,mixed use,1173.02,2007-05-30,2011-05-30,75753QQCE,not active
IMEOR95077,ISV 533,professional,1540.63,2000-12-12,2004-12-12,49941YHBD,not active
UEHTO43539,495 ISP,professional,2914.32,1989-08-01,1993-08-01,35764FOIB,not active
DGNMJ69831,743-KJS,professional,1464.03,2005-11-14,2009-11-14,92623KQZR,not active
LDIZC11606,KKG 293,mixed use,617.42,1981-10-29,1985-10-29,42438YADB,not active
EGTTH29959,8MB71,professional,2653.33,2000-12-06,2004-12-06,29615DGPL,not active
LAODV62665,EPI4806,mixed use,2630.18,1989-01-24,1993-01-24,38630HZNZ,not active
VCTFP05286,63-97656,mixed use,179.39,1999-07-26,2003-07-26,68582MPTR,not active
FGUPB62892,LM 24090,professional,2491.91,2000-09-05,2004-09-05,80733GLAN,not active
ZINWO59530,BHS-5622,mixed use,2456.01,1984-04-24,1988-04-24,95531TBRP,not active
GFAWI45452,NBQ-4863,mixed use,331.32,2006-07-03,2010-07-03,68586FWQU,not active
RYVQZ67683,9F F2690,professional,2438.61,2010-10-23,2014-10-23,34284QPPH,not active
KRNIT67129,AOS-829,private,3210.29,1999-12-16,2003-12-16,34451YCKS,not active
FQXWK44448,70C W31,professional,1122.98,2006-08-07,2010-08-07,00532WKFG,not active
UVXLP95821,2XY3473,private,1963.26,1982-11-23,1986-11-23,88545LAYL,not active
LYJOL13642,1F 78928,mixed use,2345.82,2013-09-14,2017-09-14,11116WFHA,not active
NAIVR48964,809 UBB,mixed use,1732.84,1984-04-10,1988-04-10,52279JVHF,not active
WLZAS53475,WCI 038,private,3840.17,2007-11-18,2011-11-18,50300NKLM,not active
EMCWZ30150,FOP-4832,private,3883.9,1981-11-10,1985-11-10,70064RDVI,not active
WELGQ63144,2401 DR,private,3196.67,2015-09-25,2019-09-25,69115KDSM,not active
MWLGF82320,BHX 924,private,3399.7,2011-04-08,2015-04-08,15483UTSS,not active
BZWJO72976,U98 6YR,mixed use,3953.91,1983-01-27,1987-01-27,27325QHFP,not active
YOTYB17215,181 BFU,mixed use,1391.36,2017-02-04,2021-02-04,84514WYTX,not active
FUIVK42320,106 YIJ,mixed use,3247.28,1986-09-04,1990-09-04,78104LNZA,not active
UHJUI69246,ADU-732,private,2622.53,2000-11-29,2004-11-29,17101QTEN,not active
CZTLQ53462,68R•376,mixed use,2950.97,1984-08-31,1988-08-31,16730ZVIA,not active
SJHNC26497,I56 5DY,professional,1257.83,1984-10-21,1988-10-21,85393JJBI,not active
WIAVB30616,60U Z91,mixed use,2550.79,1990-02-21,1994-02-21,62745BDVN,not active
MYEJG26732,220-FIX,professional,3054.14,2008-10-07,2012-10-07,43212TDKJ,not active
MUUOZ08454,84-WC27,professional,3731.16,2014-12-09,2018-12-09,54653TVUV,not active
VAUYW45856,800 PML,mixed use,3405.84,2012-04-03,2016-04-03,42013QHIR,not active
DDDGW37718,302FBQ,private,3531.82,1983-07-25,1987-07-25,43426DRZZ,not active
ISJXG69819,939 7924,professional,3952.21,1994-11-07,1998-11-07,39381PFJJ,not active
QTUDT90060,179LU,mixed use,2390.3,2004-11-08,2008-11-08,41202VRAI,not active
TZSQB89257,MXS 588,private,3081.4,1984-03-28,1988-03-28,58217LNYS,not active
OOYKE10137,ORH 676,professional,2318.84,2012-11-06,2016-11-06,76566VEGI,not active
IJRED44603,802 FV7,mixed use,1652.87,2010-04-04,2014-04-04,13891NOSE,not active
ESAKZ85727,281 PZZ,private,3082.28,1999-03-29,2003-03-29,67654IKZR,not active
GTRYO02141,7G 8649R,professional,3347.6,1980-11-20,1984-11-20,77999UXSR,not active
GRVJR16794,ZXS5691,mixed use,1688.18,2007-10-22,2011-10-22,45464WSJG,not active
GSWWA29515,224 NGD,mixed use,872.08,1998-12-23,2002-12-23,62283VGAV,not active
ECAGA47527,107-VDR,professional,3195.63,1997-05-05,2001-05-05,79596YHKE,not active
YZBVO89862,7-J6658,mixed use,1128.84,2003-07-29,2007-07-29,92891DPPY,not active
KBTAS43103,140-BAL,mixed use,3041.06,2016-08-30,2020-08-30,51118DLYY,not active
ZSBDQ04872,575 VZ6,mixed use,741.18,1981-11-03,1985-11-03,91343ITWF,not active
EZNLQ93201,94-DW79,mixed use,958.56,2011-11-13,2015-11-13,85721RGLG,not active
OLNPE61974,EEF 010,mixed use,2741.18,2007-06-20,2011-06-20,62816IIBX,not active
HFTCU79428,3FW8336,professional,2949.42,2011-11-28,2015-11-28,41784LILU,not active
DIILS78523,22-R524,professional,880.84,2001-08-08,2005-08-08,56369HXEP,not active
WRBIF41400,2652 XG,private,2720.24,2000-03-04,2004-03-04,31447GNHE,not active
LTFVM39065,226 QZB,private,876.76,2003-08-15,2007-08-15,42269XXOE,not active
USJTL90060,241 RCC,private,1682.52,1997-05-13,2001-05-13,00498FQFV,not active
BYDTJ31413,7NE W68,private,907.8,1996-05-15,2000-05-15,62057CFRB,not active
HFXES82467,6QY I45,professional,950.04,2002-04-20,2006-04-20,71982XHRY,not active
NPRFB01101,ZYP 005,mixed use,3266.24,2002-12-25,2006-12-25,98657ZERQ,not active
TJWMZ42969,GEX4534,mixed use,3703.16,1990-09-17,1994-09-17,06976BQRC,not active
SSJMW06413,MGS 805,private,3390.41,2016-03-23,2020-03-23,54940GODH,not active
SULGV41295,6D363,professional,3045.81,1989-09-18,1993-09-18,54589MPFN,not active
ZDYSP06260,VE0 P9A,mixed use,3924.7,1991-03-12,1995-03-12,79571JNBX,not active
NJTYR47451,829-221,professional,1874.6,1993-03-30,1997-03-30,63331UQLD,not active
TWIZM78004,1NT N25,professional,2023.87,2004-10-01,2008-10-01,12458QKFX,not active
RCYPX66846,7-29887,professional,1472.92,2003-11-10,2007-11-10,04940PMMY,not active
RJKZL11020,GDB 326,mixed use,3471.85,2014-09-10,2018-09-10,16276AZBH,not active
GLUOO95947,HRA 075,professional,1348.94,2016-06-19,2020-06-19,55103ZPSB,not active
CDNTK20153,08E RK3,professional,3983.12,1995-12-12,1999-12-12,85599NPEB,not active
FKNKF28325,814 9RX,private,3060.64,2005-05-11,2009-05-11,83284DBLF,not active
HJFIH98288,775-LAO,private,769.21,1983-03-23,1987-03-23,10769ALVE,not active
VYSPE44377,6PM3715,mixed use,1536.21,1996-12-30,2000-12-30,82191YHWV,not active
BKRRH00525,463 4811,private,1011.02,2013-06-14,2017-06-14,55120LCLY,not active
BXDYP27430,SLF-681,mixed use,1420.7,2004-03-03,2008-03-03,64522VYKP,not active
MHLQD78314,WCM 529,private,2515.55,1985-03-13,1989-03-13,32305VJIF,not active
YUQTW48047,4JT Q75,private,734.49,2007-05-02,2011-05-02,36154QQBW,not active
TJHIA33396,964 IP3,professional,2409.46,1984-09-14,1988-09-14,57734LGNA,not active
DQIKI31196,4Q D4822,mixed use,3985.92,1999-04-05,2003-04-05,98043QMRH,not active
ILVOI73024,04Z 2157,mixed use,1138.26,2006-08-17,2010-08-17,87603OGLK,not active
SDFRL01987,H96 7QF,private,1826.82,1987-01-31,1991-01-31,47778WZVI,not active
EDTDX32037,QBV C27,private,2484.14,1994-02-11,1998-02-11,46015XQAX,not active
BDRTZ14423,HSH 428,professional,547.55,1983-04-06,1987-04-06,05056UNSA,not active
MFVHJ12003,8V 7131S,mixed use,3280.5,2012-08-15,2016-08-15,83914QDAV,not active
PSHTQ83029,5HGH 47,professional,3518.91,2013-12-22,2017-12-22,67176RPBA,not active
ZYDJY72686,879-UCD,private,2771.86,2007-12-05,2011-12-05,21858YONA,not active
WBKBQ15234,MDV-5677,private,624.65,1992-06-22,1996-06-22,31022IRDF,not active
IWVYD83631,732-WLK,professional,1065.17,2005-03-24,2009-03-24,67284EJED,not active
XLCXJ65645,3LZR577,professional,1937.43,1985-04-29,1989-04-29,59500UIIQ,not active
HNRWC10257,9Z 1026N,professional,230.57,2006-07-06,2010-07-06,95771UVPS,not active
KAGCL74830,ULI-9187,mixed use,1887.19,2009-10-25,2013-10-25,32971HUPL,not active
REDGN97013,580-XRQ,private,705.83,1997-07-07,2001-07-07,19266KLPA,not active
URREW75306,UOS 611,private,3404.19,2009-10-28,2013-10-28,35898FCNM,not active
JEISE24827,NXN2628,private,535.64,1985-10-23,1989-10-23,19355NNLF,not active
IZPZN22809,4O 96624,private,1213.51,1989-08-26,1993-08-26,11764FIVH,not active
VLNSQ81226,GZD-0194,professional,1820.25,1981-05-31,1985-05-31,61708LDCY,not active
VKSGD72869,5-B4621,private,2736.94,1986-02-25,1990-02-25,93974BAZZ,not active
CGNCJ12353,F47-ZQW,professional,648.27,1981-06-22,1985-06-22,79506QNVR,not active
ZMMCH47095,741 1KT,mixed use,1563.65,2000-04-12,2004-04-12,21241CENG,not active
TLPFK70926,82-94022,professional,1368.36,2014-10-30,2018-10-30,17136ELGN,not active
KJHWX58142,OHP 597,private,2478.65,1982-08-03,1986-08-03,22979ZPMU,not active
GWQPV63884,QUO 439,mixed use,2618.93,1991-05-08,1995-05-08,45963BTGS,not active
YUWMR42016,6WUL 89,private,246.06,1980-10-22,1984-10-22,91031YVBD,not active
RXMXV49127,9-5756R,mixed use,1671.44,1989-08-08,1993-08-08,74014HHPE,not active
DEFEY04672,8NE 465,mixed use,2432.55,2002-04-27,2006-04-27,85805GHFL,not active
KXWNH84161,51KH4,mixed use,652.54,1984-03-06,1988-03-06,75753QQCE,not active
YZHND29596,7113 FH,mixed use,2808.36,1988-02-26,1992-02-26,53911OCJM,not active
IHIDG43014,3IN S20,professional,1224.04,2012-06-17,2016-06-17,62475MAXH,not active
FJNQJ69549,185 8AV,professional,2640.06,2004-01-06,2008-01-06,49482IBZH,not active
LKKHD78077,OAB 115,mixed use,2286.48,2004-03-15,2008-03-15,86195RUXM,not active
XQHCN98617,OPT-567,professional,1554.31,2016-03-31,2020-03-31,73298ITQO,not active
JNTJU00484,SEJ 2186,professional,3996.23,1990-09-07,1994-09-07,61686XOZR,not active
RSRQW09437,5-3602I,professional,2639.75,1989-09-13,1993-09-13,16533LUQD,not active
QUSFA91037,U47-ZFZ,mixed use,3162.66,1983-10-23,1987-10-23,41342DTQK,not active
TIDVE09324,264-FFN,private,2357.47,2000-03-14,2004-03-14,03552MMGN,not active
GBDAE79535,42U E17,private,1857.41,1993-05-02,1997-05-02,67383HZVX,not active
ILARQ64839,6V272,professional,1619.02,1992-07-11,1996-07-11,42438YADB,not active
XYWDM35536,998 UEB,professional,2127.51,2014-01-07,2018-01-07,87934XNJG,not active
IUNPE97232,F57-DQU,private,2889.88,1998-07-10,2002-07-10,38630HZNZ,not active
QMAYQ87474,WFV 438,professional,2883.65,1996-05-31,2000-05-31,68582MPTR,not active
WQQWH82541,7NV 317,professional,2813.34,2013-08-17,2017-08-17,81978JEUU,not active
AUPFX14788,12G 734,mixed use,1090.06,1981-04-04,1985-04-04,02078EQQT,not active
JMBZH38877,XDR 244,professional,1827.82,1986-06-07,1990-06-07,32669QAMY,not active
PACLI42148,900-ZHA,private,2097.97,2000-07-18,2004-07-18,11116WFHA,not active
IMSQD49146,0F 6036O,private,172.38,1997-04-12,2001-04-12,52279JVHF,not active
ZGINF01281,7401 UA,private,2609.13,1991-06-02,1995-06-02,23373OIZR,not active
ZFXCW64183,ZVT-099,private,511.91,2000-12-18,2004-12-18,70064RDVI,not active
OVBZA73292,249-BUW,professional,648.66,2009-01-11,2013-01-11,54411TIYF,not active
GPTCU31070,508U,mixed use,759.83,2012-07-03,2016-07-03,72935ZOEP,not active
NNZDA30695,793 OJT,professional,206.32,1990-10-28,1994-10-28,15483UTSS,not active
DBFVQ19842,AQ9 H1X,professional,3715.67,2013-12-19,2017-12-19,70133LXRT,not active
OFPWR05850,3393,private,2825.59,1995-09-18,1999-09-18,16730ZVIA,not active
GCOUI77164,2-94366I,professional,2353.31,2014-05-12,2018-05-12,30828RHLO,not active
MBAIV18468,A56-HII,mixed use,766.92,1986-02-25,1990-02-25,85393JJBI,not active
RLDHZ26879,3-54356V,professional,776.14,2013-01-20,2017-01-20,44609WILJ,not active
PPTKW23223,9-79815,private,2296.33,1985-10-16,1989-10-16,46639TZPG,not active
RNSFU01802,DNB O58,private,1567.82,1982-11-10,1986-11-10,62745BDVN,not active
HHHEO13552,841-JFAT,mixed use,2200.16,2008-09-21,2012-09-21,73157LIPH,not active
WSMPX32359,8L 9X9FLZ,private,227.12,2014-04-01,2018-04-01,89695FAMD,not active
DULXD01466,XLN4969,professional,1833.18,1994-11-07,1998-11-07,42013QHIR,not active
KHIXX46200,QIH 409,professional,3669.08,2008-03-02,2012-03-02,68428OEFB,not active
YRVPJ07722,LKM 657,professional,2574.96,2006-10-08,2010-10-08,43426DRZZ,not active
CZUGS23792,749ONN,mixed use,3692.36,2012-06-21,2016-06-21,60328SAPA,not active
XORNB03790,9OO 663,professional,2768.25,1994-12-15,1998-12-15,79723EUNH,not active
UMCTA18044,618HNP,private,3822.14,1997-09-28,2001-09-28,84374PPKA,not active
QPEOW07577,U81 3VZ,private,2987.04,1982-04-09,1986-04-09,49803AKGC,not active
KPAWJ69658,JRM 387,private,1720.95,1998-10-06,2002-10-06,41202VRAI,not active
OEORM40436,FDF1234,professional,3352.18,2016-04-25,2020-04-25,19717MIGS,not active
QVOWH20585,63DL626,mixed use,1425.5,2005-04-01,2009-04-01,82477VGEO,not active
LVGAL83226,ISN 788,professional,1328.84,1983-06-07,1987-06-07,58217LNYS,not active
TNCGE55636,561H0,mixed use,3445.66,1990-06-06,1994-06-06,77999UXSR,not active
FOFJO45681,BU-6680,private,2343.28,2000-07-14,2004-07-14,50789WSEV,not active
LZYCU62481,927 5XR,mixed use,371.07,1992-12-18,1996-12-18,51118DLYY,not active
NRFHL09800,0-5724W,professional,3497.83,2008-12-10,2012-12-10,51682FSWG,not active
DQKLY83223,347 CY4,professional,3935.81,1995-09-28,1999-09-28,36255KUID,not active
CDJPC64806,97-86218,professional,2611.8,2015-04-12,2019-04-12,91343ITWF,not active
WAVPE63983,9295,private,3873.21,2013-12-04,2017-12-04,73860ZFXZ,not active
XUJHM13017,509 UVM,private,3429.38,1990-03-19,1994-03-19,56369HXEP,not active
MSUIU96691,531AJG,mixed use,3043.29,1999-03-28,2003-03-28,88254BLBN,not active
JGZCK23755,MKO-9627,mixed use,337.69,2011-04-06,2015-04-06,87910RZWT,not active
GYNAN46993,HJC 040,professional,1375.22,1990-09-28,1994-09-28,62057CFRB,not active
AGHVL03200,24E T56,professional,681.92,2003-06-27,2007-06-27,52058LYKU,not active
IJORH56949,ZOB-9687,mixed use,1197.42,1981-03-10,1985-03-10,54940GODH,not active
JXLWA70455,844-IEF,professional,461.72,2014-02-20,2018-02-20,77363CFCP,not active
BQAUP35437,QHM 493,professional,1820.94,1990-02-27,1994-02-27,99370FKWO,not active
PXUNT26045,93-DJ50,professional,2356.97,2014-05-29,2018-05-29,84292DHIB,not active
JKDOC70926,TGC 358,private,3454.92,2010-12-04,2014-12-04,17239JEWQ,not active
FZCRQ66756,150 ZIG,professional,350.7,1998-10-22,2002-10-22,63331UQLD,not active
LZHZM15910,KFC 617,professional,1564.26,2007-10-26,2011-10-26,70298ZUZH,not active
ISCFL20103,319-TIH,mixed use,2802.79,1990-06-18,1994-06-18,31128EHQZ,not active
CGMTK21080,885 9SN,private,1530.91,1985-08-02,1989-08-02,79875HUWC,not active
BFLVO81806,23HE5,private,3004.67,2001-05-30,2005-05-30,85599NPEB,not active
BLNLP31774,7-9762N,mixed use,1618.04,1989-10-18,1993-10-18,55229VVKR,not active
BODXW71269,0X 8U0BCJ,professional,957.24,2012-01-25,2016-01-25,55120LCLY,not active
TRXRX64025,301 YOS,private,1991.45,1991-11-26,1995-11-26,18388XKVN,not active
CHDXD14952,4-A2654,mixed use,3281.97,2012-04-11,2016-04-11,83914QDAV,not active
APWYV48338,HMI-3217,professional,1060.26,1987-09-07,1991-09-07,21171ASDE,not active
PAGIL26287,9ZU 177,mixed use,2057.26,2005-10-18,2009-10-18,67176RPBA,not active
ZHUOZ14572,456 BUU,private,1885.33,2003-05-24,2007-05-24,59905KSHU,not active
ZWZYD73114,8BR 346,mixed use,3610.31,2013-02-21,2017-02-21,06282MHGC,not active
ZJZKR18039,806-IYA,private,2321,1998-04-30,2002-04-30,05941YUVA,not active
AJUUQ43701,34-TB96,mixed use,2934.32,2010-03-05,2014-03-05,59509DURL,not active
CHDLR61769,382Q,mixed use,2758.25,2011-10-11,2015-10-11,58175VDBX,not active
PNBXQ53017,4J 70004,mixed use,3122.78,2005-03-27,2009-03-27,82923NARG,not active
KTZXN64764,W20-KPT,professional,782.67,2011-06-24,2015-06-24,21364FPLG,not active
ZIZSI41940,QEI-0537,private,2158.46,1994-04-17,1998-04-17,11764FIVH,not active
QPGJO80954,JGM-3687,professional,2014.57,1984-09-19,1988-09-19,61708LDCY,not active
BGYPH92656,9-3689U,mixed use,358.61,1985-03-11,1989-03-11,61817FIKY,not active
GSSOZ45551,562-882,professional,1345.02,1989-01-16,1993-01-16,93974BAZZ,not active
OAURR79991,79P 8449,private,2451.24,1994-02-23,1998-02-23,61961BNWO,not active
EPDTT07866,TZS 355,professional,2255.11,2013-06-04,2017-06-04,21241CENG,not active
GNLJC98991,TXP 119,mixed use,1004.18,2008-10-13,2012-10-13,63785XOAR,not active
HAIAI36958,GO2 A1M,professional,585.09,1980-07-07,1984-07-07,60305DOQS,not active
OIEGW48506,5V 20870,mixed use,294.03,2016-01-23,2020-01-23,39505HHYG,not active
EJZPL00728,4XU T07,professional,276.43,2002-05-05,2006-05-05,45963BTGS,not active
EJSBZ99819,3-29745B,private,236.94,1988-07-13,1992-07-13,76743DMGG,not active
KCBWX85740,IDG3512,mixed use,2255.85,2016-11-13,2020-11-13,85805GHFL,not active
WOVDJ92225,463 HCR,mixed use,3200.6,1991-05-12,1995-05-12,22761GKIH,not active
FKMGW32147,5K 9958I,mixed use,3805.68,1986-10-07,1990-10-07,70413RVBO,not active
TTQLG80989,131407,private,1766.7,1996-04-14,2000-04-14,53911OCJM,not active
MBNNA04186,630 RYU,mixed use,2662.53,2006-04-15,2010-04-15,62475MAXH,not active
KIYMC91661,7-93686,professional,286.62,2017-04-12,2021-04-12,98217TVPW,not active
MEJDK03402,181 IOX,professional,578.28,1991-07-02,1995-07-02,27947XAKE,not active
JCRYA34416,76H 074,mixed use,642.25,1988-06-17,1992-06-17,07678YBBR,not active
UQMQT32144,JBU-719,private,1128.6,1995-11-29,1999-11-29,86195RUXM,not active
LKVNK85756,260 0787,professional,391.45,1989-06-12,1993-06-12,38502VNJP,not active
XZFCB08337,FKS5798,professional,2193.61,1982-09-29,1986-09-29,42118POCR,not active
CJBSM83416,XMM 522,private,3882.2,2012-03-24,2016-03-24,14386YXAV,not active
OFIKX80448,672 XTW,private,3465.6,2012-04-05,2016-04-05,01892JAZK,not active
SJUME83675,38EE0,mixed use,2611.53,2007-07-05,2011-07-05,64642EJWA,not active
YSZJE18520,8XH D17,professional,2434.07,2017-01-10,2021-01-10,92623KQZR,not active
JMRAL56689,013 GQW,professional,957.96,1998-11-18,2002-11-18,67383HZVX,not active
MNBHF56531,KIT-7646,private,2313.97,1989-12-22,1993-12-22,42438YADB,not active
CEDFC68081,3HI 498,private,1650.91,1990-09-25,1994-09-25,29615DGPL,not active
ADYAP09496,953CAG,private,1535.43,2010-02-04,2014-02-04,25935HNYY,not active
VKEDC89103,UFA6995,private,1803.42,2002-10-29,2006-10-29,27271BNGN,not active
BKTDS25774,1J 5086X,mixed use,910.21,2008-03-01,2012-03-01,68582MPTR,not active
NDMOZ95808,47Z 6497,professional,2122.41,2014-05-23,2018-05-23,02078EQQT,not active
CMGZW99763,6TG2820,professional,425.35,2005-10-06,2009-10-06,95531TBRP,not active
UDEPE13950,126-NTO,mixed use,1389.8,1988-06-25,1992-06-25,34284QPPH,not active
DPXEP85431,ZHL 199,mixed use,854.37,2002-07-07,2006-07-07,44421IHHW,not active
QTJKH58142,FJF 835,mixed use,135.51,2015-12-16,2019-12-16,95040SBVL,not active
VKBGD19741,252 JNU,private,124.6,1990-01-26,1994-01-26,51549NDPJ,not active
AAHPR85928,78-OS09,mixed use,3521.27,1990-09-18,1994-09-18,88545LAYL,not active
ARAXU11969,OVI V67,professional,1562.62,1983-02-11,1987-02-11,52279JVHF,not active
JKUVM51567,H79 1HA,professional,1258.48,1986-07-06,1990-07-06,50300NKLM,not active
IONUP55907,GAB-6707,professional,2774.55,2015-01-31,2019-01-31,23373OIZR,not active
PITMW11211,2K 5J6SHE,mixed use,1801.47,1994-03-21,1998-03-21,71777VLNK,not active
BLVDR83879,606-DYS,private,672.17,2012-09-28,2016-09-28,02370YQOZ,not active
CHNHO67967,9-95446,mixed use,1334.13,2007-07-14,2011-07-14,15483UTSS,not active
XIDRZ43628,AHY-8188,mixed use,1186.7,1996-12-28,2000-12-28,66094VTVF,not active
FZJHP98728,031-WWS,private,1914.38,2003-01-06,2007-01-06,27325QHFP,not active
HLXMU17159,OPZ-371,mixed use,2791.57,2003-09-26,2007-09-26,84514WYTX,not active
SKZEQ63310,LXS-2300,mixed use,2299.86,1993-10-04,1997-10-04,70133LXRT,not active
UPAZA24825,MLN 363,mixed use,521.14,1987-10-21,1991-10-21,25434HMPF,not active
PYEAG00967,QXE 489,private,2621.6,2014-10-14,2018-10-14,86627NLLZ,not active
OCNKJ79965,773 VBA,professional,3779.83,2000-02-08,2004-02-08,09591PDXE,not active
JDHHA31544,7KG5595,professional,3931.89,1996-06-26,2000-06-26,38804LVKL,not active
MTRXV51539,04UV0,professional,705.22,1983-06-23,1987-06-23,34273SJIT,not active
QCWSD80420,GBZ 8738,mixed use,711.76,1990-01-18,1994-01-18,73157LIPH,not active
MLJAA14307,G23-RSI,professional,2846.27,1993-01-17,1997-01-17,89695FAMD,not active
FEOCN05109,55N G71,private,154.96,1988-12-28,1992-12-28,36136GDUV,not active
ZCLWI58087,734 JXY,mixed use,2225.4,1993-08-27,1997-08-27,01659YYEU,not active
NBVCT89981,647BJT,professional,3928.48,1986-01-04,1990-01-04,49638CIFF,not active
EMYWE96840,97Y Z17,private,636.06,2006-01-11,2010-01-11,54653TVUV,not active
JPHRA54982,QXX2513,private,154.22,1986-05-12,1990-05-12,77098AYAB,not active
QXUXM12664,740E,mixed use,959.51,1983-12-09,1987-12-09,68428OEFB,not active
KFTWO35272,0PH R91,professional,2862.94,2010-06-23,2014-06-23,84374PPKA,not active
YMBMZ89693,578-ZIG,private,1657.79,2002-10-09,2006-10-09,82477VGEO,not active
VJCDQ01196,0281 HA,mixed use,3657.4,2004-04-16,2008-04-16,58217LNYS,not active
KBVCO42264,6-Z8779,private,2253.56,1982-10-17,1986-10-17,76566VEGI,not active
QWHYP81137,0K 3Z9TWZ,mixed use,2743.36,2009-10-04,2013-10-04,07986OOYY,not active
VEEBY03946,586 WMG,professional,216.84,1981-12-05,1985-12-05,17337TFTU,not active
OVBOW39501,0-0073G,private,2939.07,1986-05-15,1990-05-15,14404DRGA,not active
WLECN90014,CCA 785,mixed use,2732.81,1991-01-30,1995-01-30,98911THJQ,not active
HSZXM46369,DPQ-862,mixed use,1622.22,1992-01-23,1996-01-23,22176FNDT,not active
FJZKZ46826,3-2260K,private,2017.21,2012-06-11,2016-06-11,35138FFHY,not active
ORDJF34230,E80-MLA,private,761.09,1984-06-30,1988-06-30,51118DLYY,not active
WFPTJ89346,OMQ-0373,professional,3279.85,1995-12-27,1999-12-27,51682FSWG,not active
NYEHD44593,6UEH 81,mixed use,502.73,2000-06-16,2004-06-16,36255KUID,not active
LSNQT20331,5Q 8041F,private,3532.47,2007-12-27,2011-12-27,91343ITWF,not active
WXLTK99018,196-IJH,private,3335.05,2011-08-09,2015-08-09,73860ZFXZ,not active
SYBRN07849,371 TSX,professional,2437.2,2003-07-15,2007-07-15,62816IIBX,not active
NCDVO61984,297-059,professional,516.07,1995-07-25,1999-07-25,41784LILU,not active
RLGCI94282,7N U0957,private,213.87,1995-11-21,1999-11-21,56369HXEP,not active
GYFPR27369,65-XC64,professional,3883.83,2016-07-17,2020-07-17,88254BLBN,not active
UDSQG43007,7-1694W,private,3979.84,1987-01-19,1991-01-19,87910RZWT,not active
PEJRO51727,487-TDM,mixed use,3414.73,1988-02-09,1992-02-09,98657ZERQ,not active
ETSGG89277,686 FMH,professional,2339.4,2014-04-29,2018-04-29,52058LYKU,not active
KVGCC91922,9T 72900,mixed use,3522.52,1998-03-22,2002-03-22,54589MPFN,not active
ZRCZV56467,378 3HL,private,3679.29,1982-05-20,1986-05-20,49028DURP,not active
IZETS06628,C15 4EE,professional,140.21,2014-12-26,2018-12-26,77235BUOB,not active
PDBIZ63425,01A 9646,professional,2432.87,1992-09-18,1996-09-18,98849FHWR,not active
ICLLW47322,916 NUU,private,2775.56,2016-04-28,2020-04-28,04940PMMY,not active
NJERC45154,G70 3WW,mixed use,1027.41,1980-07-09,1984-07-09,16276AZBH,not active
NCSOT45906,21HT781,mixed use,3902.19,1989-02-06,1993-02-06,30848FGKT,not active
WVRCF25491,7CZT129,mixed use,3195.33,1984-05-21,1988-05-21,85599NPEB,not active
HUBUO57427,WQY 234,professional,919.61,1996-12-09,2000-12-09,83284DBLF,not active
QIOGC36167,LD 15596,mixed use,1032.55,2008-01-26,2012-01-26,09100UMKS,not active
YCUCI66325,146-GLZ,private,1213.87,1991-10-04,1995-10-04,72610MBZX,not active
FUHAR33073,BNU F71,mixed use,2454.37,2009-08-12,2013-08-12,10769ALVE,not active
ZMVAK10443,2-92597,professional,3414.94,2015-05-04,2019-05-04,72032EAOV,not active
HKFIU14425,KLI 161,private,1624.45,1988-02-05,1992-02-05,55229VVKR,not active
LTIKF14795,853X,mixed use,2256.03,1997-10-18,2001-10-18,36239MGOR,not active
BMRII50299,4C T7368,mixed use,1326.69,1985-06-05,1989-06-05,77959SEHI,not active
SRUFZ48985,ABV-999,private,3637.58,1986-07-31,1990-07-31,10471PBQI,not active
MKRCI39277,MDG-2298,professional,2783.43,2008-12-10,2012-12-10,55484EYRU,not active
UAOOU94658,0KG M67,mixed use,3435.66,2003-03-03,2007-03-03,31022IRDF,not active
NRYAJ42395,91L•279,professional,613.57,1999-11-12,2003-11-12,80917GKVX,not active
CDLNH30557,IJO-087,professional,3672.11,1983-05-08,1987-05-08,59509DURL,not active
BKQKY33425,626 JMF,professional,1043.55,2014-03-06,2018-03-06,58699UWMV,not active
VFQDW01119,IDE Q02,private,151.62,2012-03-14,2016-03-14,19266KLPA,not active
VKFXE06963,AVO-8514,private,3177.75,2001-04-23,2005-04-23,36981SZFS,not active
FRTLL30812,MFN 112,private,3418.91,1993-08-30,1997-08-30,84721EHSZ,not active
LCXFZ69670,457 OGY,professional,1145.75,1989-05-25,1993-05-25,80628UDTO,not active
GEWLM94304,733-DBS,private,682.93,1988-05-21,1992-05-21,33563HAHM,not active
OELTM44935,HUX5388,professional,3737.58,2005-05-21,2009-05-21,11764FIVH,not active
PNCOH79965,111-KOY,private,1793.3,1987-12-04,1991-12-04,61817FIKY,not active
UTTCE54436,981 ZYJ,professional,3613.94,2016-11-08,2020-11-08,93974BAZZ,not active
YTDPE04120,ZDQ 601,professional,3783.75,2016-03-02,2020-03-02,73397VCQJ,not active
WHYFQ63103,LGO 446,private,2038.08,1982-07-23,1986-07-23,61961BNWO,not active
EJTZF75263,KBY 511,private,320.21,2007-09-09,2011-09-09,17136ELGN,not active
LMXBP83021,DZT 883,professional,1579.78,1991-07-13,1995-07-13,63785XOAR,not active
YSYHM14462,715-ZRY,mixed use,2668.72,1983-08-22,1987-08-22,57042LJVM,not active
ZOJWJ54205,3RM K37,mixed use,2750.38,2001-02-05,2005-02-05,46386XMYL,not active
NMVIF06576,JFK4635,private,1153.86,2014-09-23,2018-09-23,99566JOFM,not active
BTRSD55961,15-F068,professional,3628.53,2014-06-20,2018-06-20,63920BTFS,not active
QGPRF94784,566-NQN,private,3739,1990-12-23,1994-12-23,94914KLGC,not active
VBBAQ55792,6-8996Z,mixed use,1436.84,2008-08-14,2012-08-14,74014HHPE,not active
MONHU82805,2A 3C0PYJ,mixed use,2106.84,2001-01-23,2005-01-23,78225BDOQ,not active
KBVNL62928,95-S381,private,3976.31,2009-05-31,2013-05-31,19131ZQOE,not active
SYZXQ39833,SCY 097,professional,2040.56,1996-12-13,2000-12-13,70413RVBO,not active
NZKMT75956,NKU6307,professional,3689.95,1999-07-01,2003-07-01,53911OCJM,not active
KSPRZ84742,L01 9CC,professional,3134.3,1992-11-13,1996-11-13,83780RTBV,not active
VRRJA04888,201 0SP,professional,3108.18,2007-02-17,2011-02-17,91946CVVN,not active
SRQRC20807,VX 65339,private,2049.84,2015-03-13,2019-03-13,86195RUXM,not active
FPTTE55347,3LH0223,professional,3686.84,1996-02-28,2000-02-28,67383HZVX,not active
DSKXN86623,A04 3IE,mixed use,384.33,1985-01-18,1989-01-18,82767MXXC,not active
JMTWH48064,IQM-226,mixed use,619.31,1994-12-30,1998-12-30,87934XNJG,not active
UIVDZ97318,DP 0811,mixed use,2397.27,1999-09-22,2003-09-22,25935HNYY,not active
SQODH32809,B74-EMZ,professional,485.72,1981-04-24,1985-04-24,38630HZNZ,not active
UWAJG25941,355 8EA,private,1296.59,1982-12-25,1986-12-25,68582MPTR,not active
WUSLD50444,598 AZC,private,1814.52,1999-05-08,2003-05-08,98552YSEK,not active
SYHJH04033,M93-93F,mixed use,1396.54,1989-08-15,1993-08-15,95531TBRP,not active
YTUBK64102,0NJ 213,private,1047.56,2010-09-30,2014-09-30,87647XQNQ,not active
IITAV25434,58JP0,professional,589.35,2006-10-15,2010-10-15,34284QPPH,not active
ANRRX40545,438029,professional,134.3,1988-05-13,1992-05-13,88545LAYL,not active
TDREN32758,5-76967,mixed use,1332.09,1986-05-28,1990-05-28,11116WFHA,not active
UMLMS28577,UOU-842,private,3248.48,2001-01-14,2005-01-14,52279JVHF,not active
OPFUJ07797,OU2 M5A,mixed use,3056.1,1991-02-14,1995-02-14,97024ACRA,not active
XPNIA11846,3TN B66,private,2705.88,1984-10-27,1988-10-27,50300NKLM,not active
TDIVU25733,900-YHQ,mixed use,2443.64,2013-12-19,2017-12-19,70064RDVI,not active
YEQMZ49035,923-GJDP,professional,1440.47,1998-09-13,2002-09-13,24273JCDS,not active
CKTDL34270,Z97-UJS,professional,1205.57,1993-08-05,1997-08-05,60620NVYL,not active
ZPINH64802,8F713,private,1399.07,2010-10-10,2014-10-10,65159HQQP,not active
QXQYE02502,NFW-9627,private,1930.08,2006-04-17,2010-04-17,17101QTEN,not active
HPGMZ26987,5-1620E,professional,726.17,2016-02-17,2020-02-17,16730ZVIA,not active
EJFKE84308,87I 572,mixed use,597.65,2016-09-30,2020-09-30,69408PZCQ,not active
PKZEE43479,706 3600,professional,3416.17,2006-06-17,2010-06-17,38804LVKL,not active
HOHJT85887,251 MRD,private,1624.32,2008-01-19,2012-01-19,71718MGNI,not active
CGPTJ61025,3JV 444,mixed use,2686.12,1984-02-13,1988-02-13,46639TZPG,not active
ZKMIY30142,505 TXG,professional,2455.74,2005-01-17,2009-01-17,90636SXTS,not active
DMOZY53923,75OC6,private,1694.39,1992-11-10,1996-11-10,00568MWGV,not active
NQCMO02024,C03 2XV,professional,3662.73,1992-10-31,1996-10-31,42013QHIR,not active
IYGYP20412,0OC 603,professional,3700.19,2012-09-16,2016-09-16,68428OEFB,not active
ROQOL05060,2-49570,professional,2919.76,1994-04-19,1998-04-19,58217LNYS,not active
WPTIS08744,384 UOI,mixed use,105.21,2015-09-07,2019-09-07,32776URIO,not active
VBIYI16612,6I 30651,professional,1779.44,2015-12-05,2019-12-05,05913SDIU,not active
GZTEX91713,5OA 432,professional,833.85,1995-05-17,1999-05-17,45464WSJG,not active
MNRDN83978,7AO 606,private,3116.01,1994-09-05,1998-09-05,14404DRGA,not active
DJWSV61389,464L,mixed use,2143.28,1995-08-29,1999-08-29,22176FNDT,not active
ICZMN77031,0-P8239,mixed use,2423.58,2005-08-03,2009-08-03,92891DPPY,not active
UCXYT36500,L18 9BR,professional,3417.02,1986-12-18,1990-12-18,51118DLYY,not active
MYTDC79709,KLW 747,professional,802.81,1981-12-31,1985-12-31,89526MVNF,not active
NXURX24679,660 3DC,private,2043.83,1996-04-12,2000-04-12,80341OYHN,not active
UEBKE62521,1-K7220,private,2239.01,2011-03-01,2015-03-01,91124PCFZ,not active
OMKVR34264,LYM 191,private,2364.76,2007-04-06,2011-04-06,51682FSWG,not active
MFEHG52603,NGE-8186,private,2558.77,1981-05-31,1985-05-31,36255KUID,not active
JHOOD13975,396-UNI,mixed use,1882.87,2000-01-24,2004-01-24,13859MSJF,not active
BAOVA36281,7-0261X,professional,1556.8,1984-10-13,1988-10-13,73860ZFXZ,not active
ZWLQE27587,F 996293,professional,1977.29,1997-08-10,2001-08-10,85721RGLG,not active
YSMGZ74468,NIQ-0296,private,263.7,2013-11-15,2017-11-15,62816IIBX,not active
JAXJP46946,788 6NV,mixed use,384.47,1991-10-25,1995-10-25,41784LILU,not active
OIRQM60377,515 5161,mixed use,496.31,2009-03-01,2013-03-01,71982XHRY,not active
VKMGC54519,0Z 05228,mixed use,3732.79,2017-03-20,2021-03-20,52058LYKU,not active
VRBAQ76709,QJT C42,mixed use,1111.75,2002-01-08,2006-01-08,54940GODH,not active
LADGT80701,HUI 057,professional,3046.15,2011-06-25,2015-06-25,54589MPFN,not active
OSUHU33543,QK8 2563,private,3987.21,2006-01-07,2010-01-07,78883ARZJ,not active
PELQN07945,182M,private,219.32,1997-03-16,2001-03-16,49028DURP,not active
OKGHH94669,STY-507,private,2818.15,2011-07-29,2015-07-29,79571JNBX,not active
JYDHL89937,EXU-1189,professional,1057.71,1993-03-12,1997-03-12,77097DUZP,not active
CROAQ14457,46-7254L,mixed use,1034.11,1995-11-06,1999-11-06,63331UQLD,not active
DJZBD83045,OH 4374,mixed use,2384.31,2002-09-10,2006-09-10,54925RJRY,not active
RUANG38458,XSQ 940,professional,393.47,2015-03-04,2019-03-04,98849FHWR,not active
EKJZK88392,V 678591,mixed use,2514.79,1988-08-31,1992-08-31,23754LFSH,not active
VCRFP29460,1QCZ466,professional,166.4,2017-02-09,2021-02-09,83284DBLF,not active
YKMJV33184,BGT-8561,private,240.24,1993-07-22,1997-07-22,86956MEKE,not active
ZNNSY70160,701747,mixed use,3276.01,1980-06-21,1984-06-21,55229VVKR,not active
KZASJ09276,4-18231P,mixed use,1001.79,2006-12-19,2010-12-19,43512YVLG,not active
DFSWL27254,F33 0BX,private,1747.48,1990-03-12,1994-03-12,36239MGOR,not active
FBYUA13208,870EW,mixed use,1928.6,1991-09-07,1995-09-07,88392OUWV,not active
WJMTE13420,AGG8389,professional,3438.63,1998-08-18,2002-08-18,77959SEHI,not active
PPYLF15815,10GW101,private,3868.73,2016-12-22,2020-12-22,87603OGLK,not active
LGEDB83918,5-6003A,private,1084.29,2008-04-22,2012-04-22,22900FXDM,not active
TEVEB30478,535 IK2,mixed use,1567.63,2012-02-07,2016-02-07,46015XQAX,not active
DEDRS49491,612 JSE,private,378.4,1997-09-24,2001-09-24,65496JTJS,not active
JUKRW02374,EX2 9328,mixed use,3448.21,2006-03-29,2010-03-29,15154ZGCE,not active
UHSIP40781,93C 2845,professional,2917.85,1982-06-07,1986-06-07,59905KSHU,not active
DBVLL12677,W21 7IC,private,2722.65,2008-06-19,2012-06-19,37698CHVT,not active
HQDZJ81099,73-AR24,private,566.12,2007-12-24,2011-12-24,70056ATSQ,not active
PULOS02974,172 LQS,professional,2490.65,2003-08-18,2007-08-18,21858YONA,not active
VAQRD13199,CQ 88787,private,2789.71,1991-01-10,1995-01-10,55484EYRU,not active
UUJAB55931,QOJ 407,mixed use,3262.92,1996-11-11,2000-11-11,80917GKVX,not active
ELMXP90275,L98 2ER,professional,3562.33,2005-01-10,2009-01-10,59500UIIQ,not active
HSUQR25004,2520 WF,mixed use,1785.12,2010-04-17,2014-04-17,95771UVPS,not active
TAVZE04373,221-LKD,private,2000.9,2013-09-26,2017-09-26,32971HUPL,not active
RRYFK21741,H13 6QA,private,403.62,2006-04-20,2010-04-20,19266KLPA,not active
OWXCZ54540,ZLF 641,mixed use,2520.39,2015-04-11,2019-04-11,36981SZFS,not active
DHZMK46848,SZJ 592,mixed use,639.4,1983-04-26,1987-04-26,82923NARG,not active
ZFZAX99707,H84 5NZ,mixed use,1460.52,1998-11-07,2002-11-07,21364FPLG,not active
BRQON04857,268-718,mixed use,1681.67,1989-10-07,1993-10-07,83600WKWC,not active
UWMZF47486,9XP E52,private,1071.06,2011-02-08,2015-02-08,11764FIVH,not active
LZSDZ35830,951 NCT,mixed use,1854.42,2007-09-24,2011-09-24,61708LDCY,not active
IVBXB06317,6-11208,mixed use,120.61,2010-04-12,2014-04-12,73397VCQJ,not active
EUKJY67982,8380,private,590.69,2012-03-18,2016-03-18,71165ADJK,not active
MAYGM07564,05-J219,mixed use,2575.13,1994-10-06,1998-10-06,61961BNWO,not active
FCCXT08315,0WN V61,mixed use,934.29,2005-07-27,2009-07-27,79506QNVR,not active
VIFRS25740,54QX5,professional,1016.31,1991-11-23,1995-11-23,70982PIUM,not active
NFEWK12086,643 APQ,professional,3699.04,1994-03-18,1998-03-18,21241CENG,not active
ZWFRG95159,1OU8194,private,1773.43,1994-04-07,1998-04-07,17136ELGN,not active
XEDUD67998,0DX5658,mixed use,1537.95,1997-07-16,2001-07-16,46386XMYL,not active
YDFMW61376,6G P8070,private,2755.33,1996-07-30,2000-07-30,33111FIVL,not active
VDFED40214,150-AIT,private,283.29,1984-04-21,1988-04-21,72654HUSA,not active
RDZQJ18175,ALK 807,mixed use,2505.41,1982-02-27,1986-02-27,27025MYJS,not active
HWQUD57178,6-W9864,private,3422.14,1999-03-06,2003-03-06,40695OWQR,not active
JVXYV74160,721 EGT,private,3112.8,1995-08-03,1999-08-03,75753QQCE,not active
UFBCK36372,TLB 614,mixed use,2254.59,1980-12-15,1984-12-15,35764FOIB,not active
WKAKF12589,KJJ 310,mixed use,705.8,2009-04-08,2013-04-08,19131ZQOE,not active
HVLHI94215,5YOQ 35,professional,1760.72,1989-01-31,1993-01-31,70413RVBO,not active
PSORQ98339,025 0PJ,private,2647.32,1995-10-27,1999-10-27,49482IBZH,not active
FMPLU99171,918 XET,mixed use,1450.18,1997-12-25,2001-12-25,07678YBBR,not active
VEBEV74136,MCO 747,mixed use,3540.96,1989-05-03,1993-05-03,67383HZVX,not active
ALAZF12253,967 XAQ,mixed use,154.76,1993-11-01,1997-11-01,76649BVYS,not active
WOZYP56673,7QY8840,professional,2989.61,1997-05-09,2001-05-09,29615DGPL,not active
JVCMF63573,50K 0105,mixed use,3113.41,1984-08-19,1988-08-19,25935HNYY,not active
ZPERS93666,6HWY 41,private,2557.56,2016-12-02,2020-12-02,27271BNGN,not active
LFWGJ18306,315YCH,professional,891.81,1982-12-28,1986-12-28,38630HZNZ,not active
KAWVT07762,HAB 064,professional,1521.28,2015-03-06,2019-03-06,94211GXXU,not active
ITUNC16485,086 VYW,mixed use,3278.72,1981-01-19,1985-01-19,80733GLAN,not active
QGIXE16344,43-19624,mixed use,1954.44,1997-03-14,2001-03-14,98552YSEK,not active
WAEOA46611,TIR 293,professional,585.76,1992-05-13,1996-05-13,02078EQQT,not active
DHZBC70308,VVT-313,mixed use,2962.11,2017-01-21,2021-01-21,34451YCKS,not active
QMRNG81813,3517,private,1471.18,1980-09-19,1984-09-19,51549NDPJ,not active
BAJBF18075,BJ 72028,professional,1126.8,2002-07-09,2006-07-09,32669QAMY,not active
IKTXI92966,1BG S96,professional,3547.37,1999-11-12,2003-11-12,97024ACRA,not active
JCSCO39680,033DT,professional,1108.62,2015-12-27,2019-12-27,50300NKLM,not active
UUEPG85068,4V L9931,mixed use,1857.62,2004-08-29,2008-08-29,56911ZULC,not active
TANKF07300,YLX-3258,mixed use,1407.03,2013-01-05,2017-01-05,77648HPWS,not active
TEMGC13695,5KH 922,private,1242.37,2013-04-21,2017-04-21,54411TIYF,not active
CSANK45471,05-IF75,mixed use,362.42,1987-07-31,1991-07-31,71777VLNK,not active
QTOPA74903,08R 559,private,2769.88,1988-12-08,1992-12-08,99217SYRA,not active
KLKCB62481,4N 04973,private,150.3,1996-04-10,2000-04-10,15483UTSS,not active
ENITE11703,3641,private,3514.53,2000-03-22,2004-03-22,65159HQQP,not active
VRKMP75861,86-7374J,professional,1551.73,2005-11-20,2009-11-20,17101QTEN,not active
FAVPW85124,36-LF56,professional,3402.97,2000-04-04,2004-04-04,95475BQLW,not active
XBWQF85267,YJU-467,professional,3559.79,2005-01-05,2009-01-05,85393JJBI,not active
GRQZW84091,B60-VWJ,professional,792.08,2016-04-28,2020-04-28,62745BDVN,not active
BAGAL20366,24K 730,professional,3996.42,2016-08-25,2020-08-25,43212TDKJ,not active
PBSFY20294,S73-88B,professional,3332.14,2015-06-30,2019-06-30,73157LIPH,not active
UGJNQ26266,012 9681,mixed use,3492.45,2009-08-12,2013-08-12,01659YYEU,not active
PAXIT88027,F87-94C,mixed use,2078.48,1998-04-13,2002-04-13,54048BMBC,not active
WTHVF34010,079Z3,mixed use,1540.16,1994-05-07,1998-05-07,04597IGNA,not active
QHKWJ15296,076 6339,mixed use,3042.2,2015-04-07,2019-04-07,49638CIFF,not active
CEQEW06273,1799,mixed use,3561.86,1989-10-15,1993-10-15,77098AYAB,not active
TAVUS48622,886 RWI,professional,3452.09,1997-12-18,2001-12-18,68428OEFB,not active
UFXEA42958,578-FYHM,professional,2154.93,1997-07-08,2001-07-08,43426DRZZ,not active
CYLPN66315,00R P09,mixed use,3010.84,2016-11-25,2020-11-25,79723EUNH,not active
GLEIH87767,35-67079,mixed use,388.76,1994-12-05,1998-12-05,19717MIGS,not active
MHBKZ11894,907 YRF,professional,454.55,1993-01-07,1997-01-07,82477VGEO,not active
ISWVH52995,818-EAG,professional,3678.79,1982-11-29,1986-11-29,32776URIO,not active
YZMYY54063,229KIZ,mixed use,3125.59,1997-11-19,2001-11-19,13891NOSE,not active
XKURV25998,B 272001,professional,587.55,1990-02-28,1994-02-28,07986OOYY,not active
OVWAZ16379,015 IRX,professional,3887.25,2015-01-24,2019-01-24,77999UXSR,not active
TIOXW00199,2-50287,professional,2932.72,1997-12-17,2001-12-17,45464WSJG,not active
LMQOC77660,77N 596,mixed use,2363.56,2000-11-03,2004-11-03,50789WSEV,not active
UNADN00208,3NW U44,professional,2078.35,1980-06-30,1984-06-30,51682FSWG,not active
WZUUV76204,8BB9830,mixed use,3599.09,1993-08-16,1997-08-16,82119ZXLO,not active
ARCUW68701,31K J90,mixed use,1844.99,2009-11-20,2013-11-20,13859MSJF,not active
XKUZT49172,959 PPU,professional,779.4,2014-12-23,2018-12-23,73860ZFXZ,not active
HZHJU60593,CEG-7377,professional,1958.67,1997-04-17,2001-04-17,85721RGLG,not active
ZPQMG72252,BPL-883,professional,3848.32,1985-03-20,1989-03-20,62816IIBX,not active
NILNX85166,VHU-560,mixed use,503.52,1988-09-23,1992-09-23,56369HXEP,not active
GGMZP47595,YWZ 595,mixed use,1810.61,2014-09-29,2018-09-29,42269XXOE,not active
MJHWG54989,0H 98955,professional,1257.29,2005-09-07,2009-09-07,88254BLBN,not active
EFIWY83162,0NM0292,mixed use,2258.08,2016-03-11,2020-03-11,62057CFRB,not active
VITSE04438,78-K824,mixed use,2492.2,1985-08-13,1989-08-13,98657ZERQ,not active
XRPJE66132,EHE 4075,professional,1164.24,1993-09-05,1997-09-05,52058LYKU,not active
OKHQZ96636,543 GNR,professional,2955.69,1987-03-22,1991-03-22,06976BQRC,not active
TPGIL46087,NJG-6665,private,216.07,2016-07-18,2020-07-18,54940GODH,not active
CRVOR56438,MVY 713,professional,3833.02,2009-07-31,2013-07-31,54589MPFN,not active
IWDVW50160,036K1,mixed use,2066.55,1991-10-27,1995-10-27,99370FKWO,not active
ZTXYI82892,AI 6935,mixed use,972.18,1986-06-29,1990-06-29,49028DURP,not active
GFCNH44397,N 788808,mixed use,1180.71,1997-08-31,2001-08-31,79571JNBX,not active
WGIOU42003,3-66051,private,3540.35,1983-08-17,1987-08-17,63331UQLD,not active
ZQTKO62088,YY4 2288,professional,2801.74,1982-10-19,1986-10-19,70298ZUZH,not active
SNBWD03430,095 FQZ,private,2420.55,2005-01-25,2009-01-25,77235BUOB,not active
CCFJQ04843,I74 4OC,private,2500.01,2003-05-14,2007-05-14,98849FHWR,not active
CTJSW15940,6RW6048,private,2714.18,2004-07-11,2008-07-11,48645NFGV,not active
UAXYB50964,D93-TNA,mixed use,2588.26,1995-04-05,1999-04-05,91456OASB,not active
RAYMA22615,021IYI,professional,762.85,1986-12-18,1990-12-18,55103ZPSB,not active
BWZTU88022,769-699,professional,1814.48,2014-06-25,2018-06-25,22519SNXK,not active
STLFT43859,SVA-1631,mixed use,1592.49,2016-12-29,2020-12-29,72610MBZX,not active
UFCFM51613,86AX2,private,1079.87,2010-12-29,2014-12-29,82191YHWV,not active
LCKDT85766,9BM89,mixed use,1949.84,1989-08-14,1993-08-14,86956MEKE,not active
NMOEH43998,SMO 815,private,1819.92,1982-03-04,1986-03-04,43512YVLG,not active
VFCFC04028,7Z 6929X,professional,3230.67,1996-12-09,2000-12-09,43473HAYP,not active
JOEOZ17414,ZXT 321,mixed use,678.33,1981-01-10,1985-01-10,36239MGOR,not active
GPBHW85425,785 TDP,professional,371.85,2010-06-25,2014-06-25,88392OUWV,not active
YRXVF11230,333HLE,mixed use,1859.57,2003-09-08,2007-09-08,98043QMRH,not active
OKTSB56720,GEB-2708,private,1523.76,1981-08-21,1985-08-21,20818UVVJ,not active
QIXWZ30720,T 783124,professional,3047.1,1985-06-03,1989-06-03,22900FXDM,not active
XLMHQ26329,5B539,mixed use,1054.71,2004-06-27,2008-06-27,47778WZVI,not active
HFYRV02990,PHI-4177,mixed use,2989.47,1985-11-27,1989-11-27,67176RPBA,not active
ONRIK90033,ZYA 530,mixed use,2580.79,1993-12-16,1997-12-16,10196JLKV,not active
EAYGH95419,0P 8570L,mixed use,2161.18,2016-07-18,2020-07-18,06282MHGC,not active
VBXMZ78417,JGG-6535,private,1506.47,2005-01-07,2009-01-07,70056ATSQ,not active
BXTFN68488,25O 4226,private,845.37,2012-06-28,2016-06-28,21858YONA,not active
KWVMN37182,556 FJQ,professional,1060.21,2009-10-30,2013-10-30,31022IRDF,not active
FAXAV85105,2978 GK,professional,598.67,1987-11-24,1991-11-24,80917GKVX,not active
SVHAY51328,ZZA 815,private,3318.72,2016-06-23,2020-06-23,59500UIIQ,not active
WLYYQ76383,398LNJ,professional,3767.16,2005-12-21,2009-12-21,05941YUVA,not active
VRSPH86882,267 NZR,private,3096.52,1989-01-28,1993-01-28,58175VDBX,not active
FLEBB04425,SFX 795,mixed use,2498.79,1988-02-25,1992-02-25,80628UDTO,not active
KQLSQ10682,359 DEQ,private,268.95,2012-04-20,2016-04-20,33563HAHM,not active
ZUUMT32154,891 VLG,professional,3545.93,1998-03-14,2002-03-14,21364FPLG,not active
TRAHS65318,1GZ Q60,private,3230.94,1993-06-02,1997-06-02,61708LDCY,not active
IVJFZ77979,RBP-661,mixed use,1834.47,2004-10-20,2008-10-20,71165ADJK,not active
HSDBH86624,670 WNA,private,3085.31,2007-09-26,2011-09-26,17136ELGN,not active
NBTRH36234,YVC-494,mixed use,999.38,1994-01-01,1998-01-01,39505HHYG,not active
NZONJ20498,64-4925J,mixed use,2035.28,1980-11-16,1984-11-16,22979ZPMU,not active
EFWOP03929,H72 2YK,private,1195.08,2006-03-09,2010-03-09,45963BTGS,not active
ORFYX78970,34M•017,mixed use,809.04,1984-01-05,1988-01-05,91031YVBD,not active
MOKQX26843,455277,private,294.12,1999-12-25,2003-12-25,74014HHPE,not active
ECIYX53283,MA7 4057,private,275.97,2015-08-15,2019-08-15,27025MYJS,not active
BKEGK90981,O46-QGQ,professional,1324.59,1996-08-19,2000-08-19,40695OWQR,not active
VYJZG23937,LGW-976,professional,1790.5,1998-10-09,2002-10-09,78225BDOQ,not active
NZDLK14258,MVE 979,professional,1030.65,1992-10-07,1996-10-07,75753QQCE,not active
GZAWE57973,070-VWK,private,848.71,1986-02-06,1990-02-06,62475MAXH,not active
FIIYM26357,31-FK94,professional,1595.33,2012-08-26,2016-08-26,98217TVPW,not active
RYMON11135,LYI 915,professional,3970.32,2013-01-26,2017-01-26,27947XAKE,not active
DVSMP89664,MFU S87,private,1691.27,2017-03-17,2021-03-17,91946CVVN,not active
TKUHD92050,ZIP 864,mixed use,387.06,2004-08-21,2008-08-21,73298ITQO,not active
JMWXM97356,902W,mixed use,112.96,2012-08-03,2016-08-03,93214WTZW,not active
ULXWN75495,TDQ-793,private,2442.96,2015-09-27,2019-09-27,87612BOEV,not active
DCZNJ28361,1NLF 30,private,417.52,2000-03-15,2004-03-15,67383HZVX,not active
HVPLN48944,7Z 3534Q,professional,2875.16,2010-11-06,2014-11-06,29615DGPL,not active
SKFRX30061,VFO-811,mixed use,2192.66,2001-08-23,2005-08-23,87934XNJG,not active
VNBFX76945,EJD 803,professional,353.25,1989-10-18,1993-10-18,25935HNYY,not active
FQGQJ67780,238 TNK,professional,918.61,1991-10-04,1995-10-04,93591RHQB,not active
DFLIP17107,781 1FW,mixed use,787.7,1996-12-08,2000-12-08,27271BNGN,not active
UCVMP34346,DRJ 830,private,2229.56,1984-05-24,1988-05-24,38630HZNZ,not active
EALDE47111,575 1HP,professional,2198.16,2003-06-08,2007-06-08,95531TBRP,not active
TAYTB93859,4GT X73,professional,1961.38,2004-09-07,2008-09-07,87647XQNQ,not active
HESHJ27518,3JQ 654,private,2600.32,1988-02-02,1992-02-02,34284QPPH,not active
ZOMMB76901,941 KNO,private,1276.6,1984-06-29,1988-06-29,44421IHHW,not active
BATYQ34532,40-6718N,mixed use,107.04,2011-05-09,2015-05-09,51549NDPJ,not active
HTCLW89465,BDO8119,private,2552.6,1997-02-03,2001-02-03,00532WKFG,not active
RBPFT59032,RWO-7493,private,3259.42,1992-09-21,1996-09-21,52279JVHF,not active
ORNAG14746,HPR-2951,professional,1976.21,1986-10-01,1990-10-01,65031CTFS,not active
DBTKV56600,845 MNG,professional,1903.77,2007-06-27,2011-06-27,50300NKLM,not active
PPHWA16453,EAR 714,mixed use,3201.38,1996-01-09,2000-01-09,50584GBVS,not active
PQPQC25348,UEL-550,private,2737.84,2014-12-13,2018-12-13,70064RDVI,not active
CJGRF10475,ZT-5655,mixed use,763.49,1991-12-14,1995-12-14,54411TIYF,not active
DKMPR03062,844 2KO,mixed use,1373.38,2004-10-13,2008-10-13,71777VLNK,not active
LCPIX72117,07W YE1,mixed use,3656.24,2008-02-17,2012-02-17,42765RSFG,not active
KXCHH45921,6I PI469,professional,2635.06,1996-10-02,2000-10-02,15483UTSS,not active
DMKHJ32326,GBT6744,professional,3411.99,1997-02-08,2001-02-08,60620NVYL,not active
LZJKM38287,AJY-9891,private,2691.64,1983-02-19,1987-02-19,27325QHFP,not active
HFEGO53497,EXF6194,private,3271.85,2007-08-15,2011-08-15,84514WYTX,not active
FZSFS78265,4VAX385,professional,3807.04,1986-03-28,1990-03-28,65159HQQP,not active
FAXME10497,617-206,mixed use,2133.21,1997-09-26,2001-09-26,70133LXRT,not active
TYLAR90666,016W,private,456.23,2010-07-14,2014-07-14,69408PZCQ,not active
SVNTQ16383,CFP-340,mixed use,1410.97,2005-05-10,2009-05-10,30828RHLO,not active
WJNMQ08821,047EM,private,1529.99,2014-02-27,2018-02-27,86627NLLZ,not active
BHLUF32625,84A 238,professional,738.36,1988-03-14,1992-03-14,34273SJIT,not active
DYBQF69909,X51 1HP,professional,3988.74,2004-09-26,2008-09-26,44609WILJ,not active
FGBOR72959,HLU 274,professional,2246.32,2012-08-05,2016-08-05,46639TZPG,not active
YIMUM67520,351 WMT,private,2024.6,1990-10-06,1994-10-06,36136GDUV,not active
RBFGR40285,0IL3153,professional,2497.12,2008-12-27,2012-12-27,90636SXTS,not active
LPVEU48228,BUX7525,mixed use,2204.8,1981-08-03,1985-08-03,04597IGNA,not active
ZBSTV40540,SZE-9965,mixed use,1002.52,2000-01-09,2004-01-09,42013QHIR,not active
BMVJX34771,Y 653696,private,695.02,2015-09-03,2019-09-03,39381PFJJ,not active
LASWV10040,VT7 Y2W,professional,3016.34,2003-05-25,2007-05-25,84374PPKA,not active
TBTLW92754,420-OYK,private,1692.92,2001-11-15,2005-11-15,41202VRAI,not active
ODVSL08549,XVE-0881,private,2764.33,2003-08-24,2007-08-24,19717MIGS,not active
NTRZY16184,179-NLE,professional,2968.38,2012-06-14,2016-06-14,32776URIO,not active
HBBYN21395,57W•489,private,1883.93,2010-07-01,2014-07-01,67654IKZR,not active
VCGYN70925,816-ZUF,professional,3856.65,1999-05-28,2003-05-28,17337TFTU,not active
YPAIO65218,701 0KB,mixed use,2431.56,2011-05-05,2015-05-05,62283VGAV,not active
DUQGA50316,N09-CVL,mixed use,2542.79,2015-08-31,2019-08-31,98911THJQ,not active
LWHMG76600,LGE-9000,professional,3555.8,1991-12-08,1995-12-08,79596YHKE,not active
UWZYM38365,ALH-469,mixed use,2192.31,2003-04-24,2007-04-24,35138FFHY,not active
YEHKN51300,46J QC4,mixed use,1960.65,2004-11-08,2008-11-08,80341OYHN,not active
YBFMT98859,SSX 149,private,3255.56,2004-09-13,2008-09-13,51682FSWG,not active
KJFQC57589,740 GOJ,professional,3911.05,2017-03-25,2021-03-25,91343ITWF,not active
EKKPT80483,4Y705,mixed use,3063.16,1980-08-31,1984-08-31,13859MSJF,not active
OMBZF89042,625-ZXA,professional,3265.47,1984-11-03,1988-11-03,73860ZFXZ,not active
BAQRM17844,73D 529,private,1787.31,1981-05-11,1985-05-11,42269XXOE,not active
OQEJL22205,O14-56N,professional,254.02,2013-09-09,2017-09-09,87910RZWT,not active
VSQFE54130,1OA J97,mixed use,815.97,2002-12-07,2006-12-07,98657ZERQ,not active
OVLDQ29613,50I 0130,mixed use,2987.07,2010-05-21,2014-05-21,77363CFCP,not active
IXPQA35144,69EZ893,mixed use,3493.39,1988-06-22,1992-06-22,49028DURP,not active
NOFYT75527,MQY-242,mixed use,658.13,1999-02-19,2003-02-19,94444SGVC,not active
ZEYTF10319,450 VVZ,mixed use,978.92,1995-07-12,1999-07-12,04940PMMY,not active
LFYQH66705,UTW-6872,mixed use,403.9,1981-05-11,1985-05-11,79875HUWC,not active
BQIKS27632,7-1470B,mixed use,3864.61,2012-06-29,2016-06-29,16276AZBH,not active
QDQHB75248,0OA Y11,professional,2210.3,2013-02-04,2017-02-04,22519SNXK,not active
VJPTE32825,4JL 679,private,317.35,2001-07-28,2005-07-28,10769ALVE,not active
YWLRF45590,702XP,private,3825.39,1993-12-17,1997-12-17,82191YHWV,not active
XONIG77334,817K,mixed use,944.05,2006-06-27,2010-06-27,86956MEKE,not active
QCDLV64085,958 6408,private,3355.91,1995-04-23,1999-04-23,55229VVKR,not active
PYKCO14291,8-I0181,private,3874.7,1997-03-08,2001-03-08,64522VYKP,not active
TQUTS75161,HP8 C7F,private,3305.23,2004-01-01,2008-01-01,32305VJIF,not active
DPTUX00954,FBP 349,private,2766.42,2016-12-13,2020-12-13,36154QQBW,not active
UITIW79791,VGQ 530,mixed use,3121.16,1986-05-20,1990-05-20,57734LGNA,not active
MIKCG65466,P84 0AC,mixed use,1274.75,1997-10-15,2001-10-15,36239MGOR,not active
KMVQM35756,CWU-1443,private,1964.52,1985-02-05,1989-02-05,77959SEHI,not active
VJUQL63345,064 8XT,professional,3295.69,1989-09-27,1993-09-27,87603OGLK,not active
RXDQL33500,UV 4166,mixed use,1743.69,1980-10-11,1984-10-11,22900FXDM,not active
TZSMC55293,KQI-137,professional,737.41,1994-02-07,1998-02-07,47778WZVI,not active
HJCNA63298,0AS 085,mixed use,3008.04,1985-11-21,1989-11-21,10471PBQI,not active
XYROP70818,367 SER,private,610.45,1995-07-15,1999-07-15,83914QDAV,not active
JWRVQ93283,9VM O50,professional,1779.03,2006-03-30,2010-03-30,15154ZGCE,not active
QEHVD02005,TQF-695,private,3472.15,2010-04-09,2014-04-09,21171ASDE,not active
NONWH32827,167-IQP,mixed use,1885.72,2009-03-19,2013-03-19,70056ATSQ,not active
BBEYA89330,982 EWJ,professional,1865.65,2011-04-28,2015-04-28,55484EYRU,not active
PVITQ86704,WD-4200,professional,569.4,1987-02-10,1991-02-10,31022IRDF,not active
TDFCJ06222,TY 5461,mixed use,214.75,2016-08-03,2020-08-03,67284EJED,not active
TUCPD07896,685 QZR,mixed use,3682.96,1990-08-22,1994-08-22,05941YUVA,not active
PWENQ37806,R50 1NH,professional,2329.9,1998-08-17,2002-08-17,59509DURL,not active
WOGCQ32319,898T6,professional,1398.1,2006-07-15,2010-07-15,95771UVPS,not active
ANMWQ83854,725H,professional,1229.73,2004-06-27,2008-06-27,58175VDBX,not active
LDJRW51662,3KM 696,mixed use,3639.93,1983-08-27,1987-08-27,35898FCNM,not active
SEOVY50379,K80-ZXB,mixed use,1306.13,1986-06-25,1990-06-25,19355NNLF,not active
QAHOB24346,AYV 369,professional,1436.69,1984-07-31,1988-07-31,33563HAHM,not active
RKNDD90719,542-MTZ,mixed use,2968.16,2006-12-12,2010-12-12,21364FPLG,not active
QEXVU58642,LDR 808,professional,525.89,1988-11-25,1992-11-25,79506QNVR,not active
SGYCB25899,028-BAQL,mixed use,3092.22,1990-09-03,1994-09-03,70982PIUM,not active
ENVCN24267,YFF-665,mixed use,2137.84,1982-03-04,1986-03-04,17136ELGN,not active
LRQVF28065,4-45012A,private,2820.13,1986-04-11,1990-04-11,60305DOQS,not active
BZUOX33407,HS 3074,private,570.85,2016-07-23,2020-07-23,46386XMYL,not active
UVAID26464,9T589,mixed use,3079.05,2012-01-01,2016-01-01,78232DVOC,not active
NTOBN36020,9-F8654,professional,2238.83,1986-07-02,1990-07-02,45963BTGS,not active
DGESO61064,2-M4064,mixed use,860.96,2004-02-16,2008-02-16,85805GHFL,not active
LLBQF88305,V58 2EN,private,1105.11,2000-09-14,2004-09-14,72654HUSA,not active
UVFTZ00931,LNA 574,mixed use,3377.74,2013-01-16,2017-01-16,40695OWQR,not active
SEQFG04943,40G 6406,professional,3230.04,2012-08-13,2016-08-13,35764FOIB,not active
IOVNL62676,RPJ 8340,professional,3762.53,1990-08-17,1994-08-17,19131ZQOE,not active
USYZE83418,ZXG 094,mixed use,125.67,2004-08-23,2008-08-23,70413RVBO,not active
IFXPT47699,994-CWF,private,1108.91,2009-11-02,2013-11-02,27947XAKE,not active
MWLIJ66446,MRT 516,professional,326.69,2009-04-18,2013-04-18,07678YBBR,not active
HWVTD27540,ZMD 044,professional,2343.02,2006-03-26,2010-03-26,14386YXAV,not active
KXGFH72139,ESX 218,professional,3899.29,1986-12-27,1990-12-27,59784RNYP,not active
JUJEV60568,23C WU4,mixed use,1805.48,2021-03-10,2025-03-10,49941YHBD,active
HMWJQ41732,02-S856,professional,3942.43,2022-02-17,2026-02-17,53911OCJM,active
